level,ad_id,ad_name,campaign_id,Sep5_18_spend,confirmed_completed_intakes_July1_Sep18,no_confirmed_historical_completion
AD,120250540502680660,CP - landing - v03 We cut a property's rate 40%,120250540492410660,772.57,44,False
AD,120250571668020660,CP - landing - focus_plaza_own_prop Own a commercial property?,120250540492410660,280.51,41,False
AD,120250571668580660,CP - landing - focus_plaza_own_bldg Own a commercial building?,120250540492410660,75.15,10,False
AD,120250571672020660,CP - landing - focus_apt_5plus Own a 5+ unit apartment buildi,120250540492410660,0.6,0,True
AD,120250571673380660,CP - landing - focus_apt_overpay Overpaying on your apartments?,120250540492410660,0.53,0,True
AD,120250639700480660,HVr - roofing - roofer_callout,120250602165530660,150.57,14,False
AD,120250639703050660,HVh - hazard - remodeler_callout,120250602165530660,1.39,0,True
AD,120250639703500660,HVh - hazard - restoration_callout,120250602165530660,0.72,0,True
AD,120250639704480660,HVh - hazard - gc_callout,120250602165530660,249.31,8,False
AD,120250639705200660,HVh - hazard - roof_argc_story,120250602165530660,18.52,2,False
AD,120250674389360660,LBL - pool_builder_callout,120250602165530660,873.72,20,False
AD,120250682691160660,CP - steps - focus_plaza_own_bldg Own a commercial building?,120250540492410660,0.99,0,True
AD,120250682691700660,CP - steps - v22 Bank asking for proof of insur,120250540492410660,1.37,0,True
AD,120250682692130660,CP - steps - v24 Own an office building?,120250540492410660,0.44,1,False
AD,120250682694730660,CP - steps - focus_plaza_own_prop Own a commercial property?,120250540492410660,24.25,3,False
AD,120250682695220660,CP - steps - v16 Renovating a building?,120250540492410660,2.39,0,True
AD,120250682696560660,CP - steps - v03 We cut a property's rate 40%,120250540492410660,8.52,0,True
AD,120250682697210660,CP - steps - v13 Building policy renewing?,120250540492410660,0.38,0,True
AD,120250682698330660,CP - steps - focus_apt_overpay Overpaying on your apartments?,120250540492410660,0.15,0,True
AD,120250682707610660,CP steps - rel_building,120250540492410660,1681.85,145,False
AD,120250682708130660,CP steps - rel_roof,120250540492410660,25.53,0,True
AD,120250682708530660,CP steps - rel_lender,120250540492410660,0.56,0,True
AD,120250682709040660,CP steps - rel_renewal,120250540492410660,1.13,0,True
AD,120250800429730660,v7 - BOP plain-language (recreated 8/27),120250513372720660,562.4,36,False
AD,120250893042460660,2026-09-02 - contractor:remodeler,120250602165530660,144.77,2,False
AD,120250893044620660,2026-09-02 - contractor:gc,120250602165530660,128.67,1,False
AD,120250893046380660,2026-09-02 - contractor:roofing,120250602165530660,0.22,0,True
AD,120250893048720660,2026-09-02 - contractor:pool,120250602165530660,176.7,1,False
AD,120250893051390660,2026-09-02 - contractor:concrete,120250602165530660,82.09,0,True
AD,120250893053810660,2026-09-02 - contractor:painting,120250602165530660,76.51,0,True
AD,120250893055820660,2026-09-02 - contractor:welding,120250602165530660,154.09,2,False
AD,120250893057510660,2026-09-02 - contractor:waterproofing,120250602165530660,74.07,0,True
AD,120250893059540660,2026-09-02 - contractor:siding,120250602165530660,78.87,1,False
AD,120250893060460660,2026-09-02 - restaurant:hood,120250513372720660,202.52,2,False
AD,120250893063430660,2026-09-02 - restaurant:19k_to_9k,120250513372720660,4.35,0,True
AD,120250893064950660,2026-09-02 - restaurant:9k_to_4_2k,120250513372720660,1.5,0,True
AD,120250540511980660,CP - landing - v16 Renovating a building?,120250540492410660,3.26,2,False
AD,120250540514070660,CP - landing - v18 More than one building?,120250540492410660,1.8,0,True
AD,120250540515910660,CP - landing - v20 Own a senior living facility?,120250540492410660,1.26,0,True
AD,120250540517610660,CP - landing - v21 Own a gym or fitness building?,120250540492410660,0.54,0,True
AD,120250540519170660,CP - landing - v22 Bank asking for proof of insur,120250540492410660,0.43,0,True
AD,120250564537150660,CP - landing - v24 Own an office building?,120250540492410660,0.38,0,True
AD,120250639701550660,HVr - roofing - roofing_crews,120250602165530660,0.7,0,True
AD,120250639703160660,HVh - hazard - excavation_callout,120250602165530660,0.93,0,True
AD,120250639703850660,HVh - hazard - waterproofing_callout,120250602165530660,0.16,1,False
AD,120250639705000660,HVh - hazard - pool_builder_callout,120250602165530660,0.16,0,True
AD,120250639705350660,HVh - hazard - fivefigure - Five-figure GL bill?,120250602165530660,0.1,0,True
AD,120250682688700660,CP - steps - v27 Own an older building?,120250540492410660,0.13,0,True
AD,120250682693620660,CP - steps - focus_plaza_retail Own retail or plaza space?,120250540492410660,1.38,0,True
AD,120250682699740660,CP - steps - focus_plaza_renewing Commercial property renewing?,120250540492410660,0.64,0,True
AD,120250682700030660,"CP - steps - v04 We saved a property owner $10,",120250540492410660,0.2,0,True
AD,120250540504870660,CP - landing - v11 Overpaying on your building?,120250540492410660,0.52,0,True
AD,120250540506300660,CP - landing - v13 Building policy renewing?,120250540492410660,0.47,0,True
AD,120250571669050660,CP - landing - focus_plaza_retail Own retail or plaza space?,120250540492410660,0.3,0,True
AD,120250682690510660,CP - steps - v21 Own a gym or fitness building?,120250540492410660,0.04,0,True
AD,120250682692680660,CP - steps - v18 More than one building?,120250540492410660,0.51,0,True
AD,120250682698900660,CP - steps - focus_apt_5plus Own a 5+ unit apartment buildi,120250540492410660,0.3,0,True
AD,120250682699320660,CP - steps - v15 Building sitting empty?,120250540492410660,0.96,0,True
AD,120250682700460660,CP - steps - v12 Lease space to tenants?,120250540492410660,0.29,0,True
AD,120250540510480660,CP - landing - v15 Building sitting empty?,120250540492410660,1.27,0,True
AD,120250540520560660,CP - landing - v23 Financing or refinancing a bui,120250540492410660,0.22,0,True
AD,120250571670670660,CP - landing - focus_plaza_renewing Commercial property renewing?,120250540492410660,1.28,0,True
AD,120250639705610660,"HVh - hazard - premium20k - Paying $20,000+ a year for GL?",120250602165530660,0.06,0,True
AD,120251001085430660,CP Metro - Dallas - text-only - repricing v1,120251001083740660,66.31,0,True
AD,120251001086630660,CP Metro - Dallas - real-photo - repricing v1,120251001083740660,5.07,0,True
AD,120251001087290660,CP Metro - Dallas - ai-image - repricing v1,120251001083740660,6.04,0,True
AD,120251001088240660,CP Metro - Houston - text-only - repricing v1,120251001083740660,69.71,4,False
AD,120251001088620660,CP Metro - Houston - real-photo - repricing v1,120251001083740660,8.27,0,True
AD,120251001089170660,CP Metro - Houston - ai-image - repricing v1,120251001083740660,1.85,0,True
AD,120251001090570660,CP Metro - Austin - text-only - repricing v1,120251001083740660,52.13,2,False
AD,120251001091180660,CP Metro - Austin - real-photo - repricing v1,120251001083740660,15.39,0,True
AD,120251001091790660,CP Metro - Austin - ai-image - repricing v1,120251001083740660,9.9,0,True
AD,120251001092950660,CP Metro - San Antonio - text-only - repricing v1,120251001083740660,68.61,0,True
AD,120251001093160660,CP Metro - San Antonio - real-photo - repricing v1,120251001083740660,4.62,0,True
AD,120251001093660660,CP Metro - San Antonio - ai-image - repricing v1,120251001083740660,3.6,0,True
AD,120251001094450660,CP Metro - Atlanta - text-only - repricing v1,120251001083740660,59.16,1,False
AD,120251001095130660,CP Metro - Atlanta - real-photo - repricing v1,120251001083740660,9.42,0,True
AD,120251001096440660,CP Metro - Atlanta - ai-image - repricing v1,120251001083740660,8.2,0,True
AD,120251001098490660,CP Metro - Charlotte - text-only - repricing v1,120251001083740660,21.29,0,True
AD,120251001099100660,CP Metro - Charlotte - real-photo - repricing v1,120251001083740660,2.76,0,True
AD,120251001100600660,CP Metro - Charlotte - ai-image - repricing v1,120251001083740660,51.63,0,True
AD,120251001101770660,CP Metro - Raleigh - text-only - repricing v1,120251001083740660,28.23,0,True
AD,120251001102450660,CP Metro - Raleigh - real-photo - repricing v1,120251001083740660,34.71,0,True
AD,120251001103570660,CP Metro - Raleigh - ai-image - repricing v1,120251001083740660,13.02,0,True
AD,120251001105320660,CP Metro - Nashville - text-only - repricing v1,120251001083740660,68.44,0,True
AD,120251001106080660,CP Metro - Nashville - real-photo - repricing v1,120251001083740660,135.05,1,False
AD,120251001107000660,CP Metro - Nashville - ai-image - repricing v1,120251001083740660,5.98,0,True
AD,120251001108160660,CP Metro - Phoenix - text-only - repricing v1,120251001083740660,37.37,0,True
AD,120251001108830660,CP Metro - Phoenix - real-photo - repricing v1,120251001083740660,34.83,1,False
AD,120251001109840660,CP Metro - Phoenix - ai-image - repricing v1,120251001083740660,5.9,0,True
AD,120251001110560660,CP Metro - Denver - text-only - repricing v1,120251001083740660,68.91,0,True
AD,120251001111590660,CP Metro - Denver - real-photo - repricing v1,120251001083740660,3.29,0,True
AD,120251001111970660,CP Metro - Denver - ai-image - repricing v1,120251001083740660,5.52,0,True
AD,120251001113110660,CP Metro - Chicago - text-only - repricing v1,120251001083740660,46.66,3,False
AD,120251001114910660,CP Metro - Chicago - real-photo - repricing v1,120251001083740660,2.57,0,True
AD,120251001116790660,CP Metro - Chicago - ai-image - repricing v1,120251001083740660,165.06,6,False
AD,120251001119990660,CP Metro - Indianapolis - text-only - repricing v1,120251001083740660,39.04,0,True
AD,120251001120620660,CP Metro - Indianapolis - real-photo - repricing v1,120251001083740660,5.17,0,True
AD,120251001121000660,CP Metro - Indianapolis - ai-image - repricing v1,120251001083740660,35.48,0,True
AD,120251001121780660,CP Metro - Columbus - text-only - repricing v1,120251001083740660,59.23,0,True
AD,120251001122580660,CP Metro - Columbus - real-photo - repricing v1,120251001083740660,2.06,0,True
AD,120251001125660660,CP Metro - Columbus - ai-image - repricing v1,120251001083740660,16.07,1,False
AD,120251001127550660,CP Metro - Cleveland - text-only - repricing v1,120251001083740660,47.13,3,False
AD,120251001128720660,CP Metro - Cleveland - real-photo - repricing v1,120251001083740660,19.95,0,True
AD,120251001129240660,CP Metro - Cleveland - ai-image - repricing v1,120251001083740660,10.76,0,True
AD,120251001131640660,CP Metro - Pittsburgh - text-only - repricing v1,120251001083740660,53.85,1,False
AD,120251001136920660,CP Metro - Pittsburgh - real-photo - repricing v1,120251001083740660,3.21,1,False
AD,120251001139460660,CP Metro - Pittsburgh - ai-image - repricing v1,120251001083740660,22.04,0,True
AD,120251001141330660,CP Metro - Philadelphia - text-only - repricing v1,120251001083740660,71.94,2,False
AD,120251001142590660,CP Metro - Philadelphia - real-photo - repricing v1,120251001083740660,2.18,0,True
AD,120251001144610660,CP Metro - Philadelphia - ai-image - repricing v1,120251001083740660,4.19,0,True
AD,120251001145810660,CP Metro - Minneapolis - text-only - repricing v1,120251001083740660,26.73,1,False
AD,120251001146750660,CP Metro - Minneapolis - real-photo - repricing v1,120251001083740660,43.75,0,True
AD,120251001148530660,CP Metro - Minneapolis - ai-image - repricing v1,120251001083740660,5.35,0,True
AD,120251001149840660,CP Metro - Richmond - text-only - repricing v1,120251001083740660,67.92,2,False
AD,120251001151300660,CP Metro - Richmond - real-photo - repricing v1,120251001083740660,2.55,0,True
AD,120251001152610660,CP Metro - Richmond - ai-image - repricing v1,120251001083740660,5.73,0,True
AD,120251001154190660,CP Metro - Las Vegas - text-only - repricing v1,120251001083740660,56.2,1,False
AD,120251001155540660,CP Metro - Las Vegas - real-photo - repricing v1,120251001083740660,2.04,0,True
AD,120251001155840660,CP Metro - Las Vegas - ai-image - repricing v1,120251001083740660,21.15,1,False
AD,120251001158780660,CP Metro - Milwaukee - text-only - repricing v1,120251001083740660,50.11,2,False
AD,120251001159800660,CP Metro - Milwaukee - real-photo - repricing v1,120251001083740660,2.37,0,True
AD,120251001161220660,CP Metro - Milwaukee - ai-image - repricing v1,120251001083740660,27.41,1,False
AD,120250540503280660,"CP - landing - v04 We saved a property owner $10,",120250540492410660,0.33,0,True
AD,120250682690140660,CP - steps - v20 Own a senior living facility?,120250540492410660,0.38,0,True
AD,120250682697730660,CP - steps - v10 Own an apartment building?,120250540492410660,0.23,0,True
AD,120251012011470660,2026-09-09 - tree-photo - submitted Lead,120250602165530660,66.87,1,False
AD,120251012011950660,2026-09-09 - tree-text - submitted Lead,120250602165530660,17.63,0,True
AD,120251012013200660,2026-09-09 - roof-photo - submitted Lead,120250602165530660,17.9,0,True
AD,120251012014290660,2026-09-09 - roof-text - submitted Lead,120250602165530660,566.29,7,False
AD,120251012014630660,2026-09-09 - pool-text - submitted Lead,120250602165530660,381.43,1,False
AD,120251012015050660,2026-09-09 - remodeler-text - submitted Lead,120250602165530660,915.25,7,False
AD,120250540505400660,CP - landing - v12 Lease space to tenants?,120250540492410660,0.5,0,True
AD,120250540514800660,CP - landing - v19 Own a building?,120250540492410660,0.7,0,True
AD,120250564550110660,CP - landing - v27 Own an older building?,120250540492410660,0.53,0,True
AD,120251054456910660,2026-09-10 - POOL - specialist - residential v1,120250602165530660,14.03,0,True
AD,120251054457880660,2026-09-10 - POOL - generic-text - residential v1,120250602165530660,723.53,1,False
AD,120251054458340660,2026-09-10 - POOL - savings-photo - residential v1,120250602165530660,524.94,1,False
AD,120251054838390660,2026-09-10 - painting-text - rate comparison v1,120250602165530660,36.03,1,False
AD,120251054839240660,2026-09-10 - painting-photo - rate comparison v1,120250602165530660,38.4,0,True
AD,120251054839700660,2026-09-10 - handyman-text - rate comparison v1,120250602165530660,59.15,0,True
AD,120251054840050660,2026-09-10 - handyman-photo - rate comparison v1,120250602165530660,16.36,0,True
AD,120251054840190660,2026-09-10 - plumbing-text - rate comparison v1,120250602165530660,31.16,0,True
AD,120251054840530660,2026-09-10 - plumbing-photo - rate comparison v1,120250602165530660,48.0,0,True
AD,120251054841070660,2026-09-10 - hvac-text - rate comparison v1,120250602165530660,33.27,0,True
AD,120251054841370660,2026-09-10 - hvac-photo - rate comparison v1,120250602165530660,61.41,0,True
AD,120251054842280660,2026-09-10 - remodeling-photo - rate comparison v1,120250602165530660,9.95,0,True
AD,120250540504110660,CP - landing - v10 Own an apartment building?,120250540492410660,0.09,0,True
AD,120251056378980660,2026-09-11 - Roofers free leads - cream proof,120250602165530660,65.08,0,True
AD,120251056379180660,2026-09-11 - Roofers free leads - navy proof,120250602165530660,76.12,0,True
AD,120251073411740660,CT Sprint 20260912 | pool__percent__native,120251073255950660,30.44,0,True
AD,120251073415490660,CT Sprint 20260912 | pool__dollars__native,120251073255950660,28.56,0,True
AD,120251073418200660,CT Sprint 20260912 | pool__installation__native,120251073255950660,30.49,2,False
AD,120251073423820660,CT Sprint 20260912 | pool__coi__native,120251073255950660,32.43,1,False
AD,120251073427060660,CT Sprint 20260912 | remodel__percent__native,120251073255950660,30.78,0,True
AD,120251073430500660,CT Sprint 20260912 | remodel__dollars__native,120251073255950660,33.45,0,True
AD,120251073433220660,CT Sprint 20260912 | remodel__trade_mix__native,120251073255950660,31.86,1,False
AD,120251073437650660,CT Sprint 20260912 | remodel__coi__native,120251073255950660,35.68,1,False
AD,120251073442640660,CT Sprint 20260912 | roof__percent__native,120251073255950660,17.79,2,False
AD,120251073445790660,CT Sprint 20260912 | roof__coi__native,120251073255950660,15.86,0,True
AD,120251073451090660,CT Sprint 20260912 | roof__free_gen__native,120251073255950660,17.99,0,True
AD,120251073458630660,CT Sprint 20260912 | tree__coverage__native,120251073255950660,17.59,1,False
AD,120251073465960660,CT Sprint 20260912 | tree__savings__native,120251073255950660,17.0,0,True
AD,120251073467200660,CT Sprint 20260912 | tree__coi__native,120251073255950660,15.34,0,True
AD,120251073468570660,CT Sprint 20260912 | painting__savings__native,120251073255950660,14.0,0,True
AD,120251073469830660,CT Sprint 20260912 | painting__coi__native,120251073255950660,14.25,0,True
AD,120251073471390660,CT Sprint 20260912 | painting__free_gen__native,120251073255950660,17.82,3,False
AD,120251073473120660,CT Sprint 20260912 | hvac__installation__native,120251073255950660,15.96,0,True
AD,120251073474460660,CT Sprint 20260912 | hvac__coi__native,120251073255950660,16.19,0,True
AD,120251073476430660,CT Sprint 20260912 | hvac__free_gen__native,120251073255950660,16.58,0,True
AD,120251073613300660,CT Sprint 20260912 | pool__percent__web_split,120251073255950660,75.31,2,False
AD,120251073613510660,CT Sprint 20260912 | pool__dollars__web_split,120251073255950660,75.24,0,True
AD,120251073614320660,CT Sprint 20260912 | pool__installation__web_split,120251073255950660,74.7,0,True
AD,120251073614770660,CT Sprint 20260912 | pool__coi__web_split,120251073255950660,75.85,0,True
AD,120251073615030660,CT Sprint 20260912 | remodel__percent__web_split,120251073255950660,79.67,0,True
AD,120251073615220660,CT Sprint 20260912 | remodel__dollars__web_split,120251073255950660,77.88,0,True
AD,120251073615690660,CT Sprint 20260912 | remodel__trade_mix__web_split,120251073255950660,80.35,3,False
AD,120251073616100660,CT Sprint 20260912 | remodel__coi__web_split,120251073255950660,76.14,0,True
AD,120251073616350660,CT Sprint 20260912 | roof__percent__web_split,120251073255950660,38.32,0,True
AD,120251073616700660,CT Sprint 20260912 | roof__coi__web_split,120251073255950660,37.98,0,True
AD,120251073616740660,CT Sprint 20260912 | roof__free_gen__web_split,120251073255950660,37.89,0,True
AD,120251073617230660,CT Sprint 20260912 | tree__coverage__web_split,120251073255950660,37.66,3,False
AD,120251073617470660,CT Sprint 20260912 | tree__savings__web_split,120251073255950660,38.61,2,False
AD,120251073617940660,CT Sprint 20260912 | tree__coi__web_split,120251073255950660,38.52,0,True
AD,120251073618310660,CT Sprint 20260912 | painting__savings__web_split,120251073255950660,38.49,0,True
AD,120251073619350660,CT Sprint 20260912 | painting__coi__web_split,120251073255950660,38.29,0,True
AD,120251073619820660,CT Sprint 20260912 | painting__free_gen__web_split,120251073255950660,39.08,0,True
AD,120251073619880660,CT Sprint 20260912 | hvac__installation__web_split,120251073255950660,37.3,0,True
AD,120251073620800660,CT Sprint 20260912 | hvac__coi__web_split,120251073255950660,38.46,0,True
AD,120251073620990660,CT Sprint 20260912 | hvac__free_gen__web_split,120251073255950660,37.61,0,True
AD,120251081773670660,CT User Video | pool__rate__avatar__cta1__uv1,120251080549940660,2.53,0,True
AD,120251081774360660,CT User Video | pool__best__contractor-quote__cta2__uv1,120251080549940660,3.58,0,True
AD,120251081774840660,CT User Video | pool__best__silent-savings__cta2__uv1,120251080549940660,70.1,0,True
AD,120251081775390660,CT User Video | remodel__rate__avatar__cta1__uv1,120251080550020660,0.62,0,True
AD,120251081775630660,CT User Video | remodel__best__contractor-quote__cta2__uv1,120251080550020660,3.89,0,True
AD,120251081776610660,CT User Video | roof__rate__avatar__cta1__uv1,120251080550110660,9.8,0,True
AD,120251081777120660,CT User Video | roof__best__contractor-quote__cta2__uv1,120251080550110660,63.96,0,True
AD,120251081859460660,CT User Video | tree__rate__avatar__cta1__uv1,120251080550210660,0.06,0,True
AD,120251081859640660,CT User Video | tree__best__silent-savings__cta2__uv1,120251080550210660,0.96,0,True
AD,120251081860040660,CT User Video | painting__rate__avatar__cta1__uv1,120251080550480660,0.97,0,True
AD,120251081860270660,CT User Video | painting__best__contractor-quote__cta2__uv1,120251080550480660,2.54,0,True
AD,120251081895520660,CT User Video | hvac__rate__avatar__cta1__uv1,120251080550890660,9.19,0,True
AD,120251081895700660,CT User Video | hvac__best__contractor-quote__cta2__uv1,120251080550890660,1.86,0,True
AD,120251081896430660,CT User Video Carryover | 120251073620990660,120251080550890660,2.12,0,True
AD,120251081896740660,CT User Video Carryover | 120251073616100660,120251080550020660,6.47,0,True
AD,120251081897230660,CT User Video Carryover | 120251073620800660,120251080550890660,17.84,0,True
AD,120251081897730660,CT User Video Carryover | 120251073619350660,120251080550480660,5.6,0,True
AD,120251081898230660,CT User Video Carryover | 120251073616350660,120251080550110660,111.1,1,False
AD,120251081898270660,CT User Video Carryover | 120251073619820660,120251080550480660,102.84,0,True
AD,120251081898700660,CT User Video Carryover | 120251073619880660,120251080550890660,238.63,1,False
AD,120251081898840660,CT User Video Carryover | 120251073617470660,120251080550210660,39.33,1,False
AD,120251081899920660,CT User Video Carryover | 120251073617940660,120251080550210660,0.1,0,True
AD,120251081900260660,CT User Video Carryover | 120251073618310660,120251080550480660,70.45,0,True
AD,120251081992970660,CT User Video Carryover | 120251073613510660,120251080549940660,13.71,0,True
AD,120251081993110660,CT User Video Carryover | 120251073617230660,120251080550210660,559.59,7,False
AD,120251081993290660,CT User Video Carryover | 120251073616700660,120251080550110660,116.56,0,True
AD,120251081993460660,CT User Video Carryover | 120251073614320660,120251080549940660,185.64,1,False
AD,120251081993520660,CT User Video Carryover | 120251073615690660,120251080550020660,1302.74,18,False
AD,120251081993590660,CT User Video Carryover | 120251073615220660,120251080550020660,7.6,0,True
AD,120251081993780660,CT User Video Carryover | 120251073616740660,120251080550110660,46.17,0,True
AD,120251081994030660,CT User Video Carryover | 120251073613300660,120251080549940660,95.9,0,True
AD,120251081994480660,CT User Video Carryover | 120251073615030660,120251080550020660,38.56,1,False
AD,120251081994750660,CT User Video Carryover | 120251073614770660,120251080549940660,13.22,0,True
AD,120251082230300660,CT People r2 | pool__monthly__woman_1__cta1__r2,120251080549940660,0.81,0,True
AD,120251082230630660,CT People r2 | pool__monthly__woman_1__cta2__r2,120251080549940660,0.45,0,True
AD,120251082230790660,CT People r2 | pool__monthly__man_or_crew_1__cta1__r2,120251080549940660,32.28,0,True
AD,120251082231010660,CT People r2 | pool__monthly__man_or_crew_1__cta2__r2,120251080549940660,5.33,0,True
AD,120251082231240660,CT People r2 | pool__monthly__man_or_crew_2__cta1__r2,120251080549940660,1.73,0,True
AD,120251082231970660,CT People r2 | pool__monthly__man_or_crew_2__cta2__r2,120251080549940660,1.94,0,True
AD,120251082232990660,CT People r2 | pool__work__woman_1__cta2__r2,120251080549940660,0.03,0,True
AD,120251082233920660,CT People r2 | pool__work__woman_2__cta2__r2,120251080549940660,0.02,0,True
AD,120251082234370660,CT People r2 | pool__work__man_or_crew_2__cta1__r2,120251080549940660,0.31,0,True
AD,120251082234950660,CT People r2 | pool__work__man_or_crew_2__cta2__r2,120251080549940660,0.22,0,True
AD,120251082236480660,CT People r2 | pool__coi__woman_1__cta1__r2,120251080549940660,0.21,0,True
AD,120251082237260660,CT People r2 | pool__coi__woman_2__cta1__r2,120251080549940660,0.04,0,True
AD,120251082239500660,CT People r2 | pool__coi__man_or_crew_1__cta1__r2,120251080549940660,108.39,2,False
AD,120251082240150660,CT People r2 | pool__coi__man_or_crew_1__cta2__r2,120251080549940660,3.47,0,True
AD,120251082241060660,CT People r2 | pool__savings__woman_2__cta1__r2,120251080549940660,0.09,0,True
AD,120251082241520660,CT People r2 | pool__savings__woman_2__cta2__r2,120251080549940660,0.14,0,True
AD,120251082241810660,CT People r2 | pool__savings__man_or_crew_1__cta1__r2,120251080549940660,5.12,0,True
AD,120251082242990660,CT People r2 | pool__savings__man_or_crew_1__cta2__r2,120251080549940660,6.78,0,True
AD,120251082243290660,CT People r2 | pool__savings__man_or_crew_2__cta1__r2,120251080549940660,0.03,0,True
AD,120251082243670660,CT People r2 | pool__savings__man_or_crew_2__cta2__r2,120251080549940660,0.03,0,True
AD,120251082244290660,CT People r2 | pool__a10__cta1__navy__image0__v1,120251080549940660,837.19,8,False
AD,120251082245310660,CT People r2 | pool__a10__cta1__navy__image2__v1,120251080549940660,1.76,0,True
AD,120251082299630660,CT People r2 | remodel__monthly__woman_1__cta1__r2,120251080550020660,13.8,0,True
AD,120251082300350660,CT People r2 | remodel__monthly__woman_1__cta2__r2,120251080550020660,120.2,3,False
AD,120251082300980660,CT People r2 | remodel__monthly__man_or_crew_1__cta1__r2,120251080550020660,7.74,0,True
AD,120251082301660660,CT People r2 | remodel__monthly__man_or_crew_1__cta2__r2,120251080550020660,14.97,0,True
AD,120251082302370660,CT People r2 | remodel__monthly__man_or_crew_2__cta1__r2,120251080550020660,5.4,0,True
AD,120251082302880660,CT People r2 | remodel__monthly__man_or_crew_2__cta2__r2,120251080550020660,15.08,0,True
AD,120251082303940660,CT People r2 | remodel__work__woman_1__cta1__r2,120251080550020660,3.08,0,True
AD,120251082312810660,CT People r2 | remodel__coi__woman_1__cta1__r2,120251080550020660,1.71,0,True
AD,120251082314540660,CT People r2 | remodel__coi__woman_1__cta2__r2,120251080550020660,0.77,0,True
AD,120251082320930660,CT People r2 | remodel__savings__man_or_crew_1__cta1__r2,120251080550020660,2.46,0,True
AD,120251082321450660,CT People r2 | remodel__savings__man_or_crew_1__cta2__r2,120251080550020660,1.88,0,True
AD,120251082322680660,CT People r2 | remodel__savings__man_or_crew_2__cta1__r2,120251080550020660,0.18,0,True
AD,120251082365040660,CT People r2 | roof__monthly__woman_1__cta1__r2,120251080550110660,10.35,0,True
AD,120251082365480660,CT People r2 | roof__monthly__woman_1__cta2__r2,120251080550110660,54.71,0,True
AD,120251082366490660,CT People r2 | roof__monthly__man_or_crew_1__cta1__r2,120251080550110660,3.2,0,True
AD,120251082367120660,CT People r2 | roof__monthly__man_or_crew_1__cta2__r2,120251080550110660,16.02,0,True
AD,120251082367720660,CT People r2 | roof__monthly__man_or_crew_2__cta1__r2,120251080550110660,10.91,0,True
AD,120251082368780660,CT People r2 | roof__monthly__man_or_crew_2__cta2__r2,120251080550110660,3.48,0,True
AD,120251082369990660,CT People r2 | roof__work__woman_1__cta1__r2,120251080550110660,2.72,0,True
AD,120251082370500660,CT People r2 | roof__work__woman_1__cta2__r2,120251080550110660,0.78,0,True
AD,120251082371280660,CT People r2 | roof__work__woman_2__cta1__r2,120251080550110660,0.14,0,True
AD,120251082371740660,CT People r2 | roof__work__woman_2__cta2__r2,120251080550110660,0.65,0,True
AD,120251082372330660,CT People r2 | roof__work__man_or_crew_2__cta1__r2,120251080550110660,1.23,0,True
AD,120251082373080660,CT People r2 | roof__work__man_or_crew_2__cta2__r2,120251080550110660,6.81,0,True
AD,120251082374250660,CT People r2 | roof__coi__woman_1__cta1__r2,120251080550110660,0.13,0,True
AD,120251082374920660,CT People r2 | roof__coi__woman_1__cta2__r2,120251080550110660,0.33,0,True
AD,120251082376480660,CT People r2 | roof__coi__woman_2__cta2__r2,120251080550110660,0.07,0,True
AD,120251082377000660,CT People r2 | roof__coi__man_or_crew_1__cta1__r2,120251080550110660,0.03,0,True
AD,120251082377470660,CT People r2 | roof__coi__man_or_crew_1__cta2__r2,120251080550110660,1.74,0,True
AD,120251082378670660,CT People r2 | roof__savings__woman_2__cta1__r2,120251080550110660,0.25,0,True
AD,120251082379590660,CT People r2 | roof__savings__woman_2__cta2__r2,120251080550110660,1.85,0,True
AD,120251082379900660,CT People r2 | roof__savings__man_or_crew_1__cta1__r2,120251080550110660,15.34,0,True
AD,120251082380210660,CT People r2 | roof__savings__man_or_crew_1__cta2__r2,120251080550110660,7.58,0,True
AD,120251082380850660,CT People r2 | roof__savings__man_or_crew_2__cta1__r2,120251080550110660,1.81,0,True
AD,120251082381610660,CT People r2 | roof__savings__man_or_crew_2__cta2__r2,120251080550110660,3.45,0,True
AD,120251082426120660,CT People r2 | tree__monthly__woman_1__cta1__r2,120251080550210660,1.98,0,True
AD,120251082426210660,CT People r2 | tree__monthly__woman_1__cta2__r2,120251080550210660,0.11,0,True
AD,120251082426310660,CT People r2 | tree__monthly__man_or_crew_1__cta1__r2,120251080550210660,0.5,0,True
AD,120251082426570660,CT People r2 | tree__monthly__man_or_crew_1__cta2__r2,120251080550210660,0.51,0,True
AD,120251082426730660,CT People r2 | tree__monthly__man_or_crew_2__cta1__r2,120251080550210660,0.59,0,True
AD,120251082426830660,CT People r2 | tree__monthly__man_or_crew_2__cta2__r2,120251080550210660,12.56,1,False
AD,120251082427810660,CT People r2 | tree__work__woman_1__cta2__r2,120251080550210660,10.54,0,True
AD,120251082429050660,CT People r2 | tree__work__woman_2__cta2__r2,120251080550210660,0.01,0,True
AD,120251082429460660,CT People r2 | tree__work__man_or_crew_2__cta1__r2,120251080550210660,0.59,0,True
AD,120251082429940660,CT People r2 | tree__work__man_or_crew_2__cta2__r2,120251080550210660,0.42,0,True
AD,120251082430650660,CT People r2 | tree__coi__woman_1__cta1__r2,120251080550210660,0.27,0,True
AD,120251082432760660,CT People r2 | tree__coi__man_or_crew_1__cta2__r2,120251080550210660,0.65,0,True
AD,120251082434110660,CT People r2 | tree__savings__woman_2__cta2__r2,120251080550210660,0.27,0,True
AD,120251082434500660,CT People r2 | tree__savings__man_or_crew_1__cta1__r2,120251080550210660,0.7,0,True
AD,120251082435230660,CT People r2 | tree__savings__man_or_crew_1__cta2__r2,120251080550210660,1.23,0,True
AD,120251082435740660,CT People r2 | tree__savings__man_or_crew_2__cta1__r2,120251080550210660,9.5,0,True
AD,120251082436230660,CT People r2 | tree__savings__man_or_crew_2__cta2__r2,120251080550210660,0.23,0,True
AD,120251082463040660,CT People r2 | painting__monthly__woman_1__cta1__r2,120251080550480660,9.95,0,True
AD,120251082463490660,CT People r2 | painting__monthly__woman_1__cta2__r2,120251080550480660,9.05,0,True
AD,120251082463750660,CT People r2 | painting__monthly__man_or_crew_1__cta1__r2,120251080550480660,9.12,1,False
AD,120251082464030660,CT People r2 | painting__monthly__man_or_crew_1__cta2__r2,120251080550480660,1.95,0,True
AD,120251082464390660,CT People r2 | painting__monthly__man_or_crew_2__cta1__r2,120251080550480660,66.49,0,True
AD,120251082465250660,CT People r2 | painting__monthly__man_or_crew_2__cta2__r2,120251080550480660,16.17,0,True
AD,120251082466200660,CT People r2 | painting__work__woman_1__cta1__r2,120251080550480660,3.74,0,True
AD,120251082466850660,CT People r2 | painting__work__woman_1__cta2__r2,120251080550480660,1.05,0,True
AD,120251082467170660,CT People r2 | painting__work__woman_2__cta1__r2,120251080550480660,0.43,0,True
AD,120251082468390660,CT People r2 | painting__work__man_or_crew_2__cta1__r2,120251080550480660,1.69,0,True
AD,120251082469570660,CT People r2 | painting__work__man_or_crew_2__cta2__r2,120251080550480660,3.26,0,True
AD,120251082470790660,CT People r2 | painting__coi__woman_1__cta1__r2,120251080550480660,0.44,0,True
AD,120251082471120660,CT People r2 | painting__coi__woman_1__cta2__r2,120251080550480660,0.55,0,True
AD,120251082473280660,CT People r2 | painting__coi__woman_2__cta2__r2,120251080550480660,0.11,0,True
AD,120251082476800660,CT People r2 | painting__savings__woman_2__cta1__r2,120251080550480660,30.05,0,True
AD,120251082482070660,CT People r2 | painting__savings__man_or_crew_1__cta1__r2,120251080550480660,0.88,0,True
AD,120251082483830660,CT People r2 | painting__savings__man_or_crew_1__cta2__r2,120251080550480660,0.5,0,True
AD,120251082485280660,CT People r2 | painting__savings__man_or_crew_2__cta1__r2,120251080550480660,2.31,0,True
AD,120251082485800660,CT People r2 | painting__savings__man_or_crew_2__cta2__r2,120251080550480660,2.72,0,True
AD,120251082520670660,CT People r2 | hvac__monthly__woman_1__cta1__r2,120251080550890660,0.51,0,True
AD,120251082520910660,CT People r2 | hvac__monthly__woman_1__cta2__r2,120251080550890660,3.69,0,True
AD,120251082521910660,CT People r2 | hvac__monthly__man_or_crew_1__cta1__r2,120251080550890660,15.54,0,True
AD,120251082522880660,CT People r2 | hvac__monthly__man_or_crew_1__cta2__r2,120251080550890660,348.09,4,False
AD,120251082522940660,CT People r2 | hvac__monthly__man_or_crew_2__cta1__r2,120251080550890660,5.95,0,True
AD,120251082523210660,CT People r2 | hvac__monthly__man_or_crew_2__cta2__r2,120251080550890660,3.26,0,True
AD,120251082526800660,CT People r2 | hvac__work__woman_2__cta1__r2,120251080550890660,0.02,0,True
AD,120251082527180660,CT People r2 | hvac__work__woman_2__cta2__r2,120251080550890660,0.11,0,True
AD,120251082527270660,CT People r2 | hvac__work__man_or_crew_2__cta1__r2,120251080550890660,0.18,0,True
AD,120251082527490660,CT People r2 | hvac__work__man_or_crew_2__cta2__r2,120251080550890660,1.03,0,True
AD,120251082528370660,CT People r2 | hvac__coi__woman_1__cta1__r2,120251080550890660,0.17,0,True
AD,120251082531040660,CT People r2 | hvac__coi__man_or_crew_1__cta1__r2,120251080550890660,3.01,0,True
AD,120251082532040660,CT People r2 | hvac__coi__man_or_crew_1__cta2__r2,120251080550890660,3.23,0,True
AD,120251082532780660,CT People r2 | hvac__savings__woman_2__cta1__r2,120251080550890660,0.45,0,True
AD,120251082533740660,CT People r2 | hvac__savings__woman_2__cta2__r2,120251080550890660,0.27,0,True
AD,120251082534440660,CT People r2 | hvac__savings__man_or_crew_1__cta1__r2,120251080550890660,22.16,0,True
AD,120251082535210660,CT People r2 | hvac__savings__man_or_crew_1__cta2__r2,120251080550890660,0.32,0,True
AD,120251082536540660,CT People r2 | hvac__savings__man_or_crew_2__cta2__r2,120251080550890660,0.66,0,True
AD,120251089581830660,CT Reuse 20260914 | tree_original_copy_clean_image,120251080550210660,67.9,2,False
AD,120251090343150660,CT Free Leads Direct r1 | painting | 20260914,120251080550480660,371.31,3,False
AD,120251090343530660,CT Free Leads Direct r1 | roof | 20260914,120251080550110660,94.54,0,True
AD,120250682694370660,CP - steps - v11 Overpaying on your building?,120250540492410660,0.1,0,True
AD,120251081859520660,CT User Video | tree__best__contractor-quote__cta2__uv1,120251080550210660,0.02,0,True
AD,120251082236950660,CT People r2 | pool__coi__woman_1__cta2__r2,120251080549940660,0.22,0,True
AD,120251082323310660,CT People r2 | remodel__savings__man_or_crew_2__cta2__r2,120251080550020660,0.14,0,True
AD,120251082375750660,CT People r2 | roof__coi__woman_2__cta1__r2,120251080550110660,0.04,0,True
AD,120251082427250660,CT People r2 | tree__work__woman_1__cta1__r2,120251080550210660,0.08,0,True
AD,120251082430940660,CT People r2 | tree__coi__woman_1__cta2__r2,120251080550210660,0.09,0,True
AD,120251082432190660,CT People r2 | tree__coi__man_or_crew_1__cta1__r2,120251080550210660,0.06,0,True
AD,120251082467470660,CT People r2 | painting__work__woman_2__cta2__r2,120251080550480660,0.14,0,True
AD,120251082471940660,CT People r2 | painting__coi__woman_2__cta1__r2,120251080550480660,0.04,0,True
AD,120251082479340660,CT People r2 | painting__savings__woman_2__cta2__r2,120251080550480660,0.54,0,True
AD,120251082524200660,CT People r2 | hvac__work__woman_1__cta1__r2,120251080550890660,0.06,0,True
AD,120251090342520660,CT Free Leads Direct r1 | hvac | 20260914,120251080550890660,0.05,0,True
AD,120251104417630660,CT Painting Direct 20260915 | compare,120251080550480660,0.31,0,True
AD,120251104418140660,CT Painting Direct 20260915 | startup,120251080550480660,0.33,0,True
AD,120251104448320660,CT Painting Direct 20260915 | GC PM COI,120251080550480660,0.34,0,True
AD,120251082238600660,CT People r2 | pool__coi__woman_2__cta2__r2,120251080549940660,0.22,0,True
AD,120250682689730660,CP - steps - v23 Financing or refinancing a bui,120250540492410660,0.07,0,True
AD,120251149675200660,CT KPI 20260917 | roof | primary_copy_v1,120251080550110660,2.03,0,True
AD,120251149675390660,CT KPI 20260917 | gunite | primary_copy_v1,120251080549940660,4.18,0,True
AD,120251149675830660,CT KPI 20260917 | generic_pool | primary_copy_v1,120250602165530660,41.63,0,True
AD,120251150763430660,CT VALUE 20260917 | roof | outcome-renewal,120251080550110660,62.15,0,True
AD,120251150763640660,CT VALUE 20260917 | gunite | outcome-renewal,120251080549940660,221.12,0,True
AD,120251150763880660,CT VALUE 20260917 | generic_pool | outcome-renewal,120250602165530660,346.15,0,True
AD,120251150829870660,CT MECHANISM 20260917 | gunite-clean,120251080549940660,35.23,0,True
AD,120251150831050660,CT MECHANISM 20260917 | gunite-job,120251080549940660,25.04,0,True
AD,120251150831390660,CT MECHANISM 20260917 | gunite-exclusion,120251080549940660,35.14,0,True
AD,120251150835020660,CT MECHANISM 20260917 | generic-pool-exclusion,120250602165530660,10.92,0,True
AD,120251150764290660,CT VALUE 20260917 | hvac | outcome-renewal,120251080550890660,9.25,0,True
AD,120251150764510660,CT VALUE 20260917 | remodel | outcome-renewal,120251080550020660,0.07,0,True
AD,120251150764910660,CT VALUE 20260917 | painting | outcome-renewal,120251080550480660,11.82,0,True
AD,120251150832050660,CT MECHANISM 20260917 | roof-height,120251080550110660,0.26,0,True
AD,120251150832370660,CT MECHANISM 20260917 | roof-job,120251080550110660,0.06,0,True
AD,120251150832840660,CT MECHANISM 20260917 | hvac-water,120251080550890660,0.45,0,True
AD,120251150833460660,CT MECHANISM 20260917 | hvac-job,120251080550890660,0.25,0,True
AD,120251161808830660,CT CPC 20260917 | roof-leak,120251080550110660,0.96,0,True
AD,120251161809550660,CT CPC 20260917 | hvac-completed,120251080550890660,0.46,0,True
AD,120251161811400660,CT CPC 20260917 | remodel-subs,120251080550020660,392.66,3,False
AD,120251161811550660,CT CPC 20260917 | pool-completed,120251080549940660,20.34,0,True
AD,120251161811800660,CT CPC 20260917 | gunite-subs,120251080549940660,13.16,0,True
AD,120251161811980660,CT CPC 20260917 | generic-pool-renewal,120250602165530660,4.91,0,True
AD,120251167871310660,CT CPC 20260918 | roof-open,120251080550110660,0.06,0,True
AD,120251167871650660,CT CPC 20260918 | hvac-leak,120251080550890660,0.03,0,True
AD,120251167872240660,CT CPC 20260918 | pool-excavation,120251080549940660,7.8,0,True
AD,120251167872420660,CT CPC 20260918 | gunite-spray,120251080549940660,5.7,0,True
AD,120251082433750660,CT People r2 | tree__savings__woman_2__cta1__r2,120251080550210660,0.04,0,True
AD,120251082475040660,CT People r2 | painting__coi__man_or_crew_1__cta2__r2,120251080550480660,0.05,0,True
AD,120251082536120660,CT People r2 | hvac__savings__man_or_crew_2__cta1__r2,120251080550890660,0.01,0,True
AD,120251169389440660,CT Format 20260918 | roof-forum,120251080550110660,1.46,0,True
AD,120251169390170660,CT Format 20260918 | roof-shortpost,120251080550110660,1.46,0,True
AD,120251169390630660,CT Format 20260918 | roof-comments,120251080550110660,0.35,0,True
AD,120251169449470660,CT Wide 20260918 | hvac-notes,120251080550890660,0.2,0,True
AD,120251169453540660,CT Wide 20260918 | remodel-notes,120251080550020660,0.09,0,True
AD,120251169467360660,CT Wide 20260918 | pool-notes,120251080549940660,2.69,0,True
AD,120251169535380660,CT Wide 20260918 | pool-plain,120251080549940660,3.22,0,True
AD,120251169537280660,CT Wide 20260918 | roof-meme,120251080550110660,95.2,5,False
AD,120251169539380660,CT Wide 20260918 | hvac-meme,120251080550890660,32.84,0,True
AD,120251169544430660,CT Wide 20260918 | pool-message,120251080549940660,3.22,0,True
AD,120251169550290660,CT Wide 20260918 | roof-email,120251080550110660,0.81,0,True
AD,120251169552590660,CT Wide 20260918 | hvac-email,120251080550890660,0.11,0,True
AD,120251169588020660,CT Factorial 20260918 | handwritten-dollar_savings_framing-hvac,120251080550890660,0.06,0,True
AD,120251169589340660,CT Factorial 20260918 | handwritten-obligation-remodel,120251080550020660,0.02,0,True
AD,120251169592250660,CT Factorial 20260918 | document-coverage_worry-hvac,120251080550890660,1.03,0,True
AD,120251169594500660,CT Factorial 20260918 | document-renewal-pool,120251080549940660,1.01,0,True
AD,120251169601310660,CT Factorial 20260918 | comparison-breadth-pool,120251080549940660,0.37,0,True
AD,120251169603040660,CT Factorial 20260918 | carousel-obligation-hvac,120251080550890660,0.2,0,True
AD,120251169606390660,CT Factorial 20260918 | carousel-percent_saved-pool,120251080549940660,2.77,0,True
AD,120251169609560660,CT Factorial 20260918 | flowchart-breadth-roof,120251080550110660,0.02,0,True
AD,120251169612410660,CT Factorial 20260918 | flowchart-percent_saved-remodel,120251080550020660,3.21,0,True
AD,120251169614440660,CT Factorial 20260918 | flowchart-coverage_worry-pool,120251080549940660,1.11,0,True
AD,120251170035740660,CT Object 20260918 | reddit-percent_saved-roof,120251080550110660,0.07,0,True
AD,120251170042860660,CT Object 20260918 | iphone_notes-percent_saved-remodel,120251080550020660,0.48,0,True
AD,120251170047610660,CT Object 20260918 | calendar-savings_framing-pool,120251080549940660,0.33,0,True
AD,120251170059570660,CT Object 20260918 | voicemail-renewal-roof,120251080550110660,0.01,0,True
AD,120251170067420660,CT Object 20260918 | spreadsheet-percent_saved-hvac,120251080550890660,9.6,0,True
AD,120251170071650660,CT Object 20260918 | thermal_receipt-renewal-roof,120251080550110660,0.43,0,True
AD,120251170074400660,CT Object 20260918 | legal_pad-savings_framing-remodel,120251080550020660,0.17,0,True
AD,120251170077630660,CT Object 20260918 | cardboard-coverage_worry-hvac,120251080550890660,0.08,0,True
AD,120251170080900660,CT Object 20260918 | classified-savings_framing-painting,120251080550480660,0.01,0,True
AD,120251170084450660,CT Object 20260918 | retro_ad-obligation-remodel,120251080550020660,24.96,0,True
AD,120251170088000660,CT Object 20260918 | parking_notice-savings_framing-roof,120251080550110660,0.63,0,True
AD,120251170093680660,CT Object 20260918 | safety_sign-renewal-hvac,120251080550890660,0.27,0,True
AD,120251170099840660,CT Object 20260918 | four_panel-coverage_worry-hvac,120251080550890660,4.16,0,True
AD,120251170104590660,CT Object 20260918 | two_buttons-obligation-pool,120251080549940660,14.54,0,True
AD,120251170106500660,CT Object 20260918 | van_decal-coverage_worry-pool,120251080549940660,16.06,0,True
AD,120251170113270660,CT Object 20260918 | hardhat_sticker-renewal-remodel,120251080550020660,0.44,0,True
AD,120251170116900660,CT Object 20260918 | unstyled_jobsite-percent_saved-pool,120251080549940660,130.47,0,True
AD,120251170120090660,CT Object 20260918 | before_after-coverage_worry-painting,120251080550480660,0.04,0,True
AD,120251182133770660,CT Rate Creep 20260918 | hvac-reddit,120251080550890660,2.01,0,True
AD,120251182140140660,CT Rate Creep 20260918 | roof-texts,120251080550110660,0.01,0,True
AD,120251182142420660,CT Rate Creep 20260918 | hvac-texts,120251080550890660,0.17,0,True
AD,120251182144640660,CT Rate Creep 20260918 | painting-texts,120251080550480660,0.06,0,True
AD,120251182148620660,CT Rate Creep 20260918 | hvac-notes,120251080550890660,0.53,0,True
AD,120251182150280660,CT Rate Creep 20260918 | painting-notes,120251080550480660,1.92,0,True
AD,120251182153020660,CT Rate Creep 20260918 | roof-plain,120251080550110660,0.14,0,True
AD,120251182154730660,CT Rate Creep 20260918 | hvac-plain,120251080550890660,0.86,0,True
AD,120251182157210660,CT Rate Creep 20260918 | painting-plain,120251080550480660,0.41,0,True
AD,120251182159740660,CT Rate Creep 20260918 | hvac-tweet,120251080550890660,0.37,0,True
AD,120251182161350660,CT Rate Creep 20260918 | painting-tweet,120251080550480660,0.18,0,True
AD,120251182163480660,CT Rate Creep 20260918 | roof-reddit,120251080550110660,0.09,0,True
AD,120251182165060660,CT Rate Creep 20260918 | painting-reddit,120251080550480660,2.05,0,True
AD,120251182269680660,CT Native Voice 20260918 | roof-coverage_gap,120251080550110660,0.61,0,True
AD,120251182271850660,CT Native Voice 20260918 | hvac-rate_creep,120251080550890660,0.71,0,True
AD,120251182339470660,CT Native Voice 20260918 | roof-rate_creep,120251080550110660,0.28,0,True
AD,120251182341070660,CT Native Voice 20260918 | hvac-coverage_gap,120251080550890660,1.28,0,True
AD,120251182342990660,CT Native Voice 20260918 | painting-coverage_gap,120251080550480660,0.02,0,True
AD,120251182344900660,CT Native Voice 20260918 | painting-rate_creep,120251080550480660,0.29,0,True
AD,120251182349110660,CT Native Voice 20260918 | pool-coverage_gap,120251080549940660,5.0,0,True
AD,120251182351260660,CT Native Voice 20260918 | pool-rate_creep,120251080549940660,3.41,0,True
AD,120251182353790660,CT Native Voice 20260918 | remodel-coverage_gap,120251080550020660,0.12,0,True
AD,120251182360990660,CT Native Voice 20260918 | remodel-rate_creep,120251080550020660,0.23,0,True
AD,120251182364940660,CT Native Voice 20260918 | gc-coverage_gap,120250602165530660,2.03,0,True
AD,120251182369630660,CT Native Voice 20260918 | gc-rate_creep,120250602165530660,9.05,0,True
AD,120251182913330660,CT Native Voice 20260918 | tree-coverage_gap,120251080550210660,10.66,0,True
