id,name,campaign_id,adset_id,status,effective_status,created_time,updated_time,format,headline,primary_text,description,CTA,destination,url_tags,form_version,experiment_cell,creative_variant,image,creative_id,spend,impressions,link_clicks,CPM,link_CTR_pct,link_CPC,completed_saved,new_acquisitions,observed_starts,observed_sessions,CPL_saved,CPL_new,cost_per_observed_start,campaign_label,operating_window,campaign_spend_share_pct,set_spend_share_pct,completion_evidence,measurement_flags,level,adset_name,campaign_name,days_live_observed_delivery_through_Sep18,first_observed_delivery_day,last_observed_delivery_day,ever_delivered_asof_Sep19,Sep19_partial_spend,Sep19_partial_impressions,image_url,meta_actions_unreconciled,meta_conversions_unreconciled,review_feedback
120251081896430660,CT User Video Carryover | 120251073620990660,120251080550890660,120251080551030660,ACTIVE,CAMPAIGN_PAUSED,2026-09-13T00:12:30-0400,2026-09-13T01:21:05-0400,static image,HVAC contractors: free lead gen. Up to 6 leads.,"Bind your business insurance with us and we’ll run an email outreach campaign to property and facility managers in your service area, generating up to 6 leads at no extra charge. Get an insurance quote and ask about our free lead gen offer.",,GET_QUOTE,https://www.cohesiveinsure.com/contractor-test?industry=hvac&angle=free_gen,utm_source=facebook&utm_medium=paid&utm_campaign={{campaign.name}}&utm_content={{ad.name}}&utm_term={{adset.name}}&ad_id={{ad.id}}&adset_id={{adset.id}}&campaign_id={{campaign.id}},Current code: 2026-09-18-trade-v5; historical versions differ,hvac__free_gen__{step|long}__v1 (layout assigned at visit),,images/471bd212d20ae692.jpg,1440630574581374,2.12,21,0,100.95,0.0,,0,0,0,0,,,,HVAC,2026-09-13 to 2026-09-18,0.29,97.7,Delivery without confirmed completion,"O: observed session IDs, not verified people; C: reconciled completed intakes, including returns; V: form versions changed Sep18",AD,CT Themes 20260913 | hvac__free_gen,CT Themes 20260913 | hvac,1,2026-09-13,2026-09-13,True,0.0,0,https://www.cohesiveinsure.com/marketing-review/20260919/deep-scan/images/471bd212d20ae692.jpg,[],[],{}
120251090342520660,CT Free Leads Direct r1 | hvac | 20260914,120251080550890660,120251080551030660,ACTIVE,CAMPAIGN_PAUSED,2026-09-13T23:13:15-0400,2026-09-13T23:16:36-0400,static image,HVAC contractors: free lead gen. Up to 6 leads.,"Want more HVAC work?

When you buy your business insurance through Cohesive, we'll run outreach to property and facility managers in your area at no extra charge. Up to 6 leads. Leads and booked jobs aren't guaranteed.

Start with an insurance quote.",,GET_QUOTE,https://www.cohesiveinsure.com/contractor-test?industry=hvac&angle=free_gen,utm_source=facebook&utm_medium=paid&utm_campaign={{campaign.name}}&utm_content={{ad.name}}&utm_term={{adset.name}}&ad_id={{ad.id}}&adset_id={{adset.id}}&campaign_id={{campaign.id}}&creative_test=free_leads_direct_r1,Current code: 2026-09-18-trade-v5; historical versions differ,hvac__free_gen__{step|long}__v1 (layout assigned at visit),,images/471bd212d20ae692.jpg,1329338585942215,0.05,2,0,25.0,0.0,,0,0,0,0,,,,HVAC,2026-09-13 to 2026-09-18,0.01,2.3,Delivery without confirmed completion,"O: observed session IDs, not verified people; C: reconciled completed intakes, including returns; V: form versions changed Sep18",AD,CT Themes 20260913 | hvac__free_gen,CT Themes 20260913 | hvac,2,2026-09-14,2026-09-17,True,0.0,0,https://www.cohesiveinsure.com/marketing-review/20260919/deep-scan/images/471bd212d20ae692.jpg,[],[],{}
120251081897230660,CT User Video Carryover | 120251073620800660,120251080550890660,120251080552020660,ACTIVE,CAMPAIGN_PAUSED,2026-09-13T00:12:36-0400,2026-09-13T01:21:07-0400,static image,Customer asking for a COI?,Send us the insurance requirements for your next HVAC job. We’ll help you compare coverage and get an insurance quote.,,GET_QUOTE,https://www.cohesiveinsure.com/contractor-test?industry=hvac&angle=coi,utm_source=facebook&utm_medium=paid&utm_campaign={{campaign.name}}&utm_content={{ad.name}}&utm_term={{adset.name}}&ad_id={{ad.id}}&adset_id={{adset.id}}&campaign_id={{campaign.id}},Current code: 2026-09-18-trade-v5; historical versions differ,hvac__coi__{step|long}__v1 (layout assigned at visit),,images/57a44892d305cad0.jpg,28618996997732917,17.84,278,2,64.17,0.719,8.92,0,0,0,8,,,,HVAC,2026-09-13 to 2026-09-18,2.4,100.0,Delivery without confirmed completion,"O: observed session IDs, not verified people; C: reconciled completed intakes, including returns; V: form versions changed Sep18",AD,CT Themes 20260913 | hvac__coi,CT Themes 20260913 | hvac,2,2026-09-13,2026-09-14,True,0.0,0,https://www.cohesiveinsure.com/marketing-review/20260919/deep-scan/images/57a44892d305cad0.jpg,"[{""action_type"": ""link_click"", ""value"": ""2""}, {""action_type"": ""landing_page_view"", ""value"": ""2""}, {""action_type"": ""omni_landing_page_view"", ""value"": ""2""}, {""action_type"": ""post_engagement"", ""value"": ""2""}, {""action_type"": ""page_engagement"", ""value"": ""2""}]",[],{}
120251081898700660,CT User Video Carryover | 120251073619880660,120251080550890660,120251080553580660,ACTIVE,CAMPAIGN_PAUSED,2026-09-13T00:12:48-0400,2026-09-13T01:21:08-0400,static image,"HVAC installations, not just service calls?",Make sure your insurance reflects the HVAC installation work you actually do. Tell us about your business and get a general liability quote.,,GET_QUOTE,https://www.cohesiveinsure.com/contractor-test?industry=hvac&angle=installation,utm_source=facebook&utm_medium=paid&utm_campaign={{campaign.name}}&utm_content={{ad.name}}&utm_term={{adset.name}}&ad_id={{ad.id}}&adset_id={{adset.id}}&campaign_id={{campaign.id}},Current code: 2026-09-18-trade-v5; historical versions differ,hvac__installation__{step|long}__v1 (layout assigned at visit),,images/54817fa397aea76a.jpg,1047558778085193,238.63,4580,29,52.1,0.633,8.23,1,1,3,29,238.63,238.63,79.54,HVAC,2026-09-13 to 2026-09-18,32.1,100.0,Confirmed completed intake,"O: observed session IDs, not verified people; C: reconciled completed intakes, including returns; V: form versions changed Sep18",AD,CT Themes 20260913 | hvac__work,CT Themes 20260913 | hvac,6,2026-09-13,2026-09-18,True,13.0,254,https://www.cohesiveinsure.com/marketing-review/20260919/deep-scan/images/54817fa397aea76a.jpg,"[{""action_type"": ""link_click"", ""value"": ""29""}, {""action_type"": ""offsite_conversion.fb_pixel_custom"", ""value"": ""1""}, {""action_type"": ""landing_page_view"", ""value"": ""25""}, {""action_type"": ""onsite_web_lead"", ""value"": ""4""}, {""action_type"": ""omni_landing_page_view"", ""value"": ""25""}, {""action_type"": ""post_engagement"", ""value"": ""29""}, {""action_type"": ""page_engagement"", ""value"": ""29""}, {""action_type"": ""lead"", ""value"": ""4""}, {""action_type"": ""offsite_conversion.fb_pixel_lead"", ""value"": ""4""}, {""action_type"": ""offsite_lead_add_20_s_calls"", ""value"": ""4""}]","[{""action_type"": ""submit_application_total"", ""value"": ""1""}, {""action_type"": ""submit_application_website"", ""value"": ""1""}]",{}
120251081895520660,CT User Video | hvac__rate__avatar__cta1__uv1,120251080550890660,120251081895010660,ACTIVE,CAMPAIGN_PAUSED,2026-09-13T00:12:25-0400,2026-09-13T01:21:01-0400,video (poster shown),HVAC contractors - business insurance,"HVAC contractors: paying too much for business insurance? Get a quote and compare your current rate.

Get my quote.",,GET_QUOTE,https://www.cohesiveinsure.com/contractor-test?industry=hvac&angle=coi&creative_variant=hvac__rate__avatar__cta1__uv1&creative_angle=price,utm_source=facebook&utm_medium=paid&utm_campaign={{campaign.name}}&utm_content={{ad.name}}&utm_term={{adset.name}}&ad_id={{ad.id}}&adset_id={{adset.id}}&campaign_id={{campaign.id}},Current code: 2026-09-18-trade-v5; historical versions differ,hvac__coi__{step|long}__v1 (layout assigned at visit),hvac__rate__avatar__cta1__uv1,images/1ea6876cfc625b14.jpg,1638751157841779,9.19,65,0,141.38,0.0,,0,0,0,0,,,,HVAC,2026-09-13 to 2026-09-18,1.24,83.17,Delivery without confirmed completion,"O: observed session IDs, not verified people; C: reconciled completed intakes, including returns; V: form versions changed Sep18",AD,CT Themes 20260913 | hvac__user_video,CT Themes 20260913 | hvac,3,2026-09-13,2026-09-16,True,0.0,0,https://www.cohesiveinsure.com/marketing-review/20260919/deep-scan/images/1ea6876cfc625b14.jpg,"[{""action_type"": ""post_engagement"", ""value"": ""12""}, {""action_type"": ""page_engagement"", ""value"": ""12""}, {""action_type"": ""video_view"", ""value"": ""12""}]",[],{}
120251081895700660,CT User Video | hvac__best__contractor-quote__cta2__uv1,120251080550890660,120251081895010660,ACTIVE,CAMPAIGN_PAUSED,2026-09-13T00:12:28-0400,2026-09-13T01:21:04-0400,video (poster shown),HVAC contractors - business insurance,"HVAC contractors: looking for the cheapest insurance with the best coverage for your business? Let us shop your options.

Compare price and coverage.",,GET_QUOTE,https://www.cohesiveinsure.com/contractor-test?industry=hvac&angle=coi&creative_variant=hvac__best__contractor-quote__cta2__uv1&creative_angle=price,utm_source=facebook&utm_medium=paid&utm_campaign={{campaign.name}}&utm_content={{ad.name}}&utm_term={{adset.name}}&ad_id={{ad.id}}&adset_id={{adset.id}}&campaign_id={{campaign.id}},Current code: 2026-09-18-trade-v5; historical versions differ,hvac__coi__{step|long}__v1 (layout assigned at visit),hvac__best__contractor-quote__cta2__uv1,images/db4589e4b2f65e65.jpg,1089525680111468,1.86,29,0,64.14,0.0,,0,0,0,0,,,,HVAC,2026-09-13 to 2026-09-18,0.25,16.83,Delivery without confirmed completion,"O: observed session IDs, not verified people; C: reconciled completed intakes, including returns; V: form versions changed Sep18",AD,CT Themes 20260913 | hvac__user_video,CT Themes 20260913 | hvac,3,2026-09-13,2026-09-18,True,0.0,0,https://www.cohesiveinsure.com/marketing-review/20260919/deep-scan/images/db4589e4b2f65e65.jpg,"[{""action_type"": ""post_engagement"", ""value"": ""12""}, {""action_type"": ""page_engagement"", ""value"": ""12""}, {""action_type"": ""video_view"", ""value"": ""12""}]",[],{}
120251082522880660,CT People r2 | hvac__monthly__man_or_crew_1__cta2__r2,120251080550890660,120251082520210660,ACTIVE,CAMPAIGN_PAUSED,2026-09-13T02:01:36-0400,2026-09-13T12:50:11-0400,static image,HVAC contractor insurance,"HVAC contractors: business insurance from $39/month. Get a quote for your business.

Compare my rate.",,GET_QUOTE,https://www.cohesiveinsure.com/contractor-test?industry=hvac&angle=coi&creative_variant=hvac__monthly__man_or_crew_1__cta2__r2&creative_angle=monthly&creative_visual=man_or_crew_1&creative_cta=Compare+my+rate,utm_source=facebook&utm_medium=paid&utm_campaign={{campaign.name}}&utm_content={{ad.name}}&utm_term={{adset.name}}&ad_id={{ad.id}}&adset_id={{adset.id}}&campaign_id={{campaign.id}},Current code: 2026-09-18-trade-v5; historical versions differ,hvac__coi__{step|long}__v1 (layout assigned at visit),hvac__monthly__man_or_crew_1__cta2__r2,images/bc2e7f298dafbc54.jpg,1622336265905912,348.09,7932,45,43.88,0.567,7.74,4,4,5,45,87.02,87.02,69.62,HVAC,2026-09-13 to 2026-09-18,46.83,78.76,Confirmed completed intake,"O: observed session IDs, not verified people; C: reconciled completed intakes, including returns; V: form versions changed Sep18",AD,CT People r2 | hvac__monthly,CT Themes 20260913 | hvac,6,2026-09-13,2026-09-18,True,5.72,84,https://www.cohesiveinsure.com/marketing-review/20260919/deep-scan/images/bc2e7f298dafbc54.jpg,"[{""action_type"": ""link_click"", ""value"": ""45""}, {""action_type"": ""post_reaction"", ""value"": ""3""}, {""action_type"": ""landing_page_view"", ""value"": ""42""}, {""action_type"": ""onsite_web_lead"", ""value"": ""4""}, {""action_type"": ""omni_landing_page_view"", ""value"": ""42""}, {""action_type"": ""post_engagement"", ""value"": ""49""}, {""action_type"": ""post_interaction_gross"", ""value"": ""4""}, {""action_type"": ""page_engagement"", ""value"": ""49""}, {""action_type"": ""post_interaction_net"", ""value"": ""4""}, {""action_type"": ""post"", ""value"": ""1""}, {""action_type"": ""onsite_conversion.post_net_like"", ""value"": ""3""}, {""action_type"": ""lead"", ""value"": ""4""}, {""action_type"": ""offsite_conversion.fb_pixel_lead"", ""value"": ""4""}, {""action_type"": ""offsite_lead_add_20_s_calls"", ""value"": ""4""}]",[],{}
120251169539380660,CT Wide 20260918 | hvac-meme,120251080550890660,120251082520210660,ACTIVE,CAMPAIGN_PAUSED,2026-09-18T00:47:57-0400,2026-09-18T00:50:17-0400,static image,HVAC insurance: beyond the unit,HVAC contractors: a leaking condensate line can damage more than the unit. Ask us to check liability coverage for the installation work you do. Get a quote before renewal.,,GET_QUOTE,https://www.cohesiveinsure.com/contractor-test?industry=hvac&angle=coi&creative_variant=hvac__monthly__man_or_crew_1__cta2__r2&creative_angle=monthly&creative_visual=man_or_crew_1&creative_cta=Compare+my+rate,utm_source=facebook&utm_medium=paid&utm_campaign={{campaign.name}}&utm_content={{ad.name}}&utm_term={{adset.name}}&ad_id={{ad.id}}&adset_id={{adset.id}}&campaign_id={{campaign.id}},Current code: 2026-09-18-trade-v5; historical versions differ,hvac__coi__{step|long}__v1 (layout assigned at visit),hvac__monthly__man_or_crew_1__cta2__r2,images/c94ebb5ae67af129.jpg,2178753366851591,32.84,818,5,40.15,0.611,6.57,0,0,0,4,,,,HVAC,2026-09-13 to 2026-09-18,4.42,7.43,Delivery without confirmed completion,"O: observed session IDs, not verified people; C: reconciled completed intakes, including returns; V: form versions changed Sep18",AD,CT People r2 | hvac__monthly,CT Themes 20260913 | hvac,1,2026-09-18,2026-09-18,True,14.39,316,https://www.cohesiveinsure.com/marketing-review/20260919/deep-scan/images/c94ebb5ae67af129.jpg,"[{""action_type"": ""link_click"", ""value"": ""5""}, {""action_type"": ""post_reaction"", ""value"": ""2""}, {""action_type"": ""landing_page_view"", ""value"": ""4""}, {""action_type"": ""omni_landing_page_view"", ""value"": ""4""}, {""action_type"": ""post_engagement"", ""value"": ""8""}, {""action_type"": ""post_interaction_gross"", ""value"": ""3""}, {""action_type"": ""comment"", ""value"": ""1""}, {""action_type"": ""page_engagement"", ""value"": ""8""}, {""action_type"": ""post_interaction_net"", ""value"": ""3""}, {""action_type"": ""onsite_conversion.post_net_comment"", ""value"": ""1""}, {""action_type"": ""onsite_conversion.post_net_like"", ""value"": ""2""}]",[],{}
120251082521910660,CT People r2 | hvac__monthly__man_or_crew_1__cta1__r2,120251080550890660,120251082520210660,ACTIVE,CAMPAIGN_PAUSED,2026-09-13T02:01:28-0400,2026-09-13T12:50:11-0400,static image,HVAC contractor insurance,"HVAC contractors: business insurance from $39/month. Get a quote for your business.

Get my quote.",,GET_QUOTE,https://www.cohesiveinsure.com/contractor-test?industry=hvac&angle=coi&creative_variant=hvac__monthly__man_or_crew_1__cta1__r2&creative_angle=monthly&creative_visual=man_or_crew_1&creative_cta=Get+my+quote,utm_source=facebook&utm_medium=paid&utm_campaign={{campaign.name}}&utm_content={{ad.name}}&utm_term={{adset.name}}&ad_id={{ad.id}}&adset_id={{adset.id}}&campaign_id={{campaign.id}},Current code: 2026-09-18-trade-v5; historical versions differ,hvac__coi__{step|long}__v1 (layout assigned at visit),hvac__monthly__man_or_crew_1__cta1__r2,images/8e70c85c0b3d4072.jpg,1547962047102017,15.54,259,0,60.0,0.0,,0,0,0,1,,,,HVAC,2026-09-13 to 2026-09-18,2.09,3.52,Delivery without confirmed completion,"O: observed session IDs, not verified people; C: reconciled completed intakes, including returns; V: form versions changed Sep18",AD,CT People r2 | hvac__monthly,CT Themes 20260913 | hvac,5,2026-09-13,2026-09-17,True,0.07,2,https://www.cohesiveinsure.com/marketing-review/20260919/deep-scan/images/8e70c85c0b3d4072.jpg,[],[],{}
120251170067420660,CT Object 20260918 | spreadsheet-percent_saved-hvac,120251080550890660,120251082520210660,ACTIVE,CAMPAIGN_PAUSED,2026-09-18T01:46:53-0400,2026-09-18T01:49:51-0400,static image,Compare before your renewal,"A $2M revenue contractor got covered for $4K - 57% below their prior premium
Get a quote now before your next renewal",,GET_QUOTE,https://www.cohesiveinsure.com/contractor-test?industry=hvac&angle=coi&creative_variant=hvac__monthly__man_or_crew_1__cta2__r2&creative_angle=monthly&creative_visual=man_or_crew_1&creative_cta=Compare+my+rate,utm_source=facebook&utm_medium=paid&utm_campaign={{campaign.name}}&utm_content={{ad.name}}&utm_term={{adset.name}}&ad_id={{ad.id}}&adset_id={{adset.id}}&campaign_id={{campaign.id}},Current code: 2026-09-18-trade-v5; historical versions differ,hvac__coi__{step|long}__v1 (layout assigned at visit),hvac__monthly__man_or_crew_1__cta2__r2,images/0cba9b3f1fb5dcde.jpg,1095826359506751,9.6,103,0,93.2,0.0,,0,0,0,0,,,,HVAC,2026-09-13 to 2026-09-18,1.29,2.17,Delivery without confirmed completion,"O: observed session IDs, not verified people; C: reconciled completed intakes, including returns; V: form versions changed Sep18",AD,CT People r2 | hvac__monthly,CT Themes 20260913 | hvac,1,2026-09-18,2026-09-18,True,4.47,53,https://www.cohesiveinsure.com/marketing-review/20260919/deep-scan/images/0cba9b3f1fb5dcde.jpg,[],[],{}
120251150764290660,CT VALUE 20260917 | hvac | outcome-renewal,120251080550890660,120251082520210660,ACTIVE,CAMPAIGN_PAUSED,2026-09-16T23:08:33-0400,2026-09-16T23:12:42-0400,static image,Get a quote now before your next renewal,A $2M revenue contractor got covered for $4K - 57% below their prior premium,,GET_QUOTE,https://www.cohesiveinsure.com/contractor-test?industry=hvac&angle=coi&creative_variant=hvac__monthly__man_or_crew_1__cta2__r2&creative_angle=monthly&creative_visual=man_or_crew_1&creative_cta=Compare+my+rate,utm_source=facebook&utm_medium=paid&utm_campaign={{campaign.name}}&utm_content={{ad.name}}&utm_term={{adset.name}}&ad_id={{ad.id}}&adset_id={{adset.id}}&campaign_id={{campaign.id}},Current code: 2026-09-18-trade-v5; historical versions differ,hvac__coi__{step|long}__v1 (layout assigned at visit),hvac__monthly__man_or_crew_1__cta2__r2,images/049b91f609bb4be1.jpg,1958523768151512,9.25,93,0,99.46,0.0,,0,0,0,0,,,,HVAC,2026-09-13 to 2026-09-18,1.24,2.09,Delivery without confirmed completion,"O: observed session IDs, not verified people; C: reconciled completed intakes, including returns; V: form versions changed Sep18",AD,CT People r2 | hvac__monthly,CT Themes 20260913 | hvac,2,2026-09-17,2026-09-18,True,0.0,0,https://www.cohesiveinsure.com/marketing-review/20260919/deep-scan/images/049b91f609bb4be1.jpg,[],[],{}
120251082522940660,CT People r2 | hvac__monthly__man_or_crew_2__cta1__r2,120251080550890660,120251082520210660,ACTIVE,CAMPAIGN_PAUSED,2026-09-13T02:01:42-0400,2026-09-13T12:50:13-0400,static image,HVAC contractor insurance,"HVAC contractors: business insurance from $39/month. Get a quote for your business.

Get my quote.",,GET_QUOTE,https://www.cohesiveinsure.com/contractor-test?industry=hvac&angle=coi&creative_variant=hvac__monthly__man_or_crew_2__cta1__r2&creative_angle=monthly&creative_visual=man_or_crew_2&creative_cta=Get+my+quote,utm_source=facebook&utm_medium=paid&utm_campaign={{campaign.name}}&utm_content={{ad.name}}&utm_term={{adset.name}}&ad_id={{ad.id}}&adset_id={{adset.id}}&campaign_id={{campaign.id}},Current code: 2026-09-18-trade-v5; historical versions differ,hvac__coi__{step|long}__v1 (layout assigned at visit),hvac__monthly__man_or_crew_2__cta1__r2,images/71ab9f5edf6ba53f.jpg,1082302117868651,5.95,92,0,64.67,0.0,,0,0,0,0,,,,HVAC,2026-09-13 to 2026-09-18,0.8,1.35,Delivery without confirmed completion,"O: observed session IDs, not verified people; C: reconciled completed intakes, including returns; V: form versions changed Sep18",AD,CT People r2 | hvac__monthly,CT Themes 20260913 | hvac,4,2026-09-13,2026-09-17,True,0.0,0,https://www.cohesiveinsure.com/marketing-review/20260919/deep-scan/images/71ab9f5edf6ba53f.jpg,"[{""action_type"": ""post_reaction"", ""value"": ""1""}, {""action_type"": ""post_engagement"", ""value"": ""1""}, {""action_type"": ""post_interaction_gross"", ""value"": ""1""}, {""action_type"": ""page_engagement"", ""value"": ""1""}, {""action_type"": ""post_interaction_net"", ""value"": ""1""}, {""action_type"": ""onsite_conversion.post_net_like"", ""value"": ""1""}]",[],{}
120251170099840660,CT Object 20260918 | four_panel-coverage_worry-hvac,120251080550890660,120251082520210660,ACTIVE,CAMPAIGN_PAUSED,2026-09-18T01:50:15-0400,2026-09-18T01:52:34-0400,static image,Check coverage for your work,"HVAC contractors: Install finished. Leak later.
Check liability coverage for damage from your installation work.
Request an insurance quote.",,GET_QUOTE,https://www.cohesiveinsure.com/contractor-test?industry=hvac&angle=coi&creative_variant=hvac__monthly__man_or_crew_1__cta2__r2&creative_angle=monthly&creative_visual=man_or_crew_1&creative_cta=Compare+my+rate,utm_source=facebook&utm_medium=paid&utm_campaign={{campaign.name}}&utm_content={{ad.name}}&utm_term={{adset.name}}&ad_id={{ad.id}}&adset_id={{adset.id}}&campaign_id={{campaign.id}},Current code: 2026-09-18-trade-v5; historical versions differ,hvac__coi__{step|long}__v1 (layout assigned at visit),hvac__monthly__man_or_crew_1__cta2__r2,images/0f7b228a8efdcd24.jpg,4609662996022978,4.16,77,0,54.03,0.0,,0,0,0,0,,,,HVAC,2026-09-13 to 2026-09-18,0.56,0.94,Delivery without confirmed completion,"O: observed session IDs, not verified people; C: reconciled completed intakes, including returns; V: form versions changed Sep18",AD,CT People r2 | hvac__monthly,CT Themes 20260913 | hvac,1,2026-09-18,2026-09-18,True,3.38,50,https://www.cohesiveinsure.com/marketing-review/20260919/deep-scan/images/0f7b228a8efdcd24.jpg,[],[],{}
120251082520910660,CT People r2 | hvac__monthly__woman_1__cta2__r2,120251080550890660,120251082520210660,ACTIVE,CAMPAIGN_PAUSED,2026-09-13T02:01:21-0400,2026-09-13T12:50:10-0400,static image,HVAC contractor insurance,"HVAC contractors: business insurance from $39/month. Get a quote for your business.

Compare my rate.",,GET_QUOTE,https://www.cohesiveinsure.com/contractor-test?industry=hvac&angle=coi&creative_variant=hvac__monthly__woman_1__cta2__r2&creative_angle=monthly&creative_visual=woman_1&creative_cta=Compare+my+rate,utm_source=facebook&utm_medium=paid&utm_campaign={{campaign.name}}&utm_content={{ad.name}}&utm_term={{adset.name}}&ad_id={{ad.id}}&adset_id={{adset.id}}&campaign_id={{campaign.id}},Current code: 2026-09-18-trade-v5; historical versions differ,hvac__coi__{step|long}__v1 (layout assigned at visit),hvac__monthly__woman_1__cta2__r2,images/cb25ab9804a64b77.jpg,1502609101589346,3.69,29,0,127.24,0.0,,0,0,0,0,,,,HVAC,2026-09-13 to 2026-09-18,0.5,0.83,Delivery without confirmed completion,"O: observed session IDs, not verified people; C: reconciled completed intakes, including returns; V: form versions changed Sep18",AD,CT People r2 | hvac__monthly,CT Themes 20260913 | hvac,5,2026-09-13,2026-09-17,True,0.0,0,https://www.cohesiveinsure.com/marketing-review/20260919/deep-scan/images/cb25ab9804a64b77.jpg,[],[],{}
120251082523210660,CT People r2 | hvac__monthly__man_or_crew_2__cta2__r2,120251080550890660,120251082520210660,ACTIVE,CAMPAIGN_PAUSED,2026-09-13T02:01:49-0400,2026-09-13T12:50:12-0400,static image,HVAC contractor insurance,"HVAC contractors: business insurance from $39/month. Get a quote for your business.

Compare my rate.",,GET_QUOTE,https://www.cohesiveinsure.com/contractor-test?industry=hvac&angle=coi&creative_variant=hvac__monthly__man_or_crew_2__cta2__r2&creative_angle=monthly&creative_visual=man_or_crew_2&creative_cta=Compare+my+rate,utm_source=facebook&utm_medium=paid&utm_campaign={{campaign.name}}&utm_content={{ad.name}}&utm_term={{adset.name}}&ad_id={{ad.id}}&adset_id={{adset.id}}&campaign_id={{campaign.id}},Current code: 2026-09-18-trade-v5; historical versions differ,hvac__coi__{step|long}__v1 (layout assigned at visit),hvac__monthly__man_or_crew_2__cta2__r2,images/a89aff7f635bc0ea.jpg,4517925278525756,3.26,69,0,47.25,0.0,,0,0,0,0,,,,HVAC,2026-09-13 to 2026-09-18,0.44,0.74,Delivery without confirmed completion,"O: observed session IDs, not verified people; C: reconciled completed intakes, including returns; V: form versions changed Sep18",AD,CT People r2 | hvac__monthly,CT Themes 20260913 | hvac,4,2026-09-13,2026-09-16,True,0.0,0,https://www.cohesiveinsure.com/marketing-review/20260919/deep-scan/images/a89aff7f635bc0ea.jpg,"[{""action_type"": ""post_reaction"", ""value"": ""1""}, {""action_type"": ""post_engagement"", ""value"": ""1""}, {""action_type"": ""post_interaction_gross"", ""value"": ""1""}, {""action_type"": ""page_engagement"", ""value"": ""1""}, {""action_type"": ""post_interaction_net"", ""value"": ""1""}, {""action_type"": ""onsite_conversion.post_net_like"", ""value"": ""1""}]",[],{}
120251182133770660,CT Rate Creep 20260918 | hvac-reddit,120251080550890660,120251082520210660,ACTIVE,CAMPAIGN_PAUSED,2026-09-18T17:10:05-0400,2026-09-18T17:13:12-0400,static image,No claims. Higher renewal?,"HVAC contractors: no claims, but your business insurance renewal is higher again? Before you renew, compare your options. Tell us when your current policy expires so we can help you compare before then.",,GET_QUOTE,https://www.cohesiveinsure.com/contractor-test?industry=hvac&angle=coi&creative_variant=hvac__monthly__man_or_crew_1__cta2__r2&creative_angle=monthly&creative_visual=man_or_crew_1&creative_cta=Compare+my+rate,utm_source=facebook&utm_medium=paid&utm_campaign={{campaign.name}}&utm_content={{ad.name}}&utm_term={{adset.name}}&ad_id={{ad.id}}&adset_id={{adset.id}}&campaign_id={{campaign.id}},Current code: 2026-09-18-trade-v5; historical versions differ,hvac__coi__{step|long}__v1 (layout assigned at visit),hvac__monthly__man_or_crew_1__cta2__r2,images/ce9cfbb33993c278.jpg,2488943618257120,2.01,36,0,55.83,0.0,,0,0,0,0,,,,HVAC,2026-09-13 to 2026-09-18,0.27,0.45,Delivery without confirmed completion,"O: observed session IDs, not verified people; C: reconciled completed intakes, including returns; V: form versions changed Sep18",AD,CT People r2 | hvac__monthly,CT Themes 20260913 | hvac,1,2026-09-18,2026-09-18,True,0.49,7,https://www.cohesiveinsure.com/marketing-review/20260919/deep-scan/images/ce9cfbb33993c278.jpg,[],[],{}
120251182341070660,CT Native Voice 20260918 | hvac-coverage_gap,120251080550890660,120251082520210660,ACTIVE,CAMPAIGN_PAUSED,2026-09-18T17:35:49-0400,2026-09-18T17:38:37-0400,static image,Insurance for hvac,"note to self on hvac jobs: fixing my bad install and paying for the water damage it causes are two different insurance questions.

my general liability policy isn't a workmanship warranty.",,GET_QUOTE,https://www.cohesiveinsure.com/contractor-test?industry=hvac&angle=coi&creative_variant=hvac__monthly__man_or_crew_1__cta2__r2&creative_angle=monthly&creative_visual=man_or_crew_1&creative_cta=Compare+my+rate,utm_source=facebook&utm_medium=paid&utm_campaign={{campaign.name}}&utm_content={{ad.name}}&utm_term={{adset.name}}&ad_id={{ad.id}}&adset_id={{adset.id}}&campaign_id={{campaign.id}},Current code: 2026-09-18-trade-v5; historical versions differ,hvac__coi__{step|long}__v1 (layout assigned at visit),hvac__monthly__man_or_crew_1__cta2__r2,images/3bae3e5d633c1410.jpg,1816261789515757,1.28,28,0,45.71,0.0,,0,0,0,0,,,,HVAC,2026-09-13 to 2026-09-18,0.17,0.29,Delivery without confirmed completion,"O: observed session IDs, not verified people; C: reconciled completed intakes, including returns; V: form versions changed Sep18",AD,CT People r2 | hvac__monthly,CT Themes 20260913 | hvac,1,2026-09-18,2026-09-18,True,0.61,7,https://www.cohesiveinsure.com/marketing-review/20260919/deep-scan/images/3bae3e5d633c1410.jpg,[],[],{}
120251169592250660,CT Factorial 20260918 | document-coverage_worry-hvac,120251080550890660,120251082520210660,ACTIVE,CAMPAIGN_PAUSED,2026-09-18T00:57:58-0400,2026-09-18T01:00:40-0400,static image,Review the work you cover,Hvac Contractors: A condensate leak can damage more than the unit. Check liability coverage for damage from your installation work.,,GET_QUOTE,https://www.cohesiveinsure.com/contractor-test?industry=hvac&angle=coi&creative_variant=hvac__monthly__man_or_crew_1__cta2__r2&creative_angle=monthly&creative_visual=man_or_crew_1&creative_cta=Compare+my+rate,utm_source=facebook&utm_medium=paid&utm_campaign={{campaign.name}}&utm_content={{ad.name}}&utm_term={{adset.name}}&ad_id={{ad.id}}&adset_id={{adset.id}}&campaign_id={{campaign.id}},Current code: 2026-09-18-trade-v5; historical versions differ,hvac__coi__{step|long}__v1 (layout assigned at visit),hvac__monthly__man_or_crew_1__cta2__r2,images/ecddd3ebe39bba88.jpg,2107811409835668,1.03,14,0,73.57,0.0,,0,0,0,0,,,,HVAC,2026-09-13 to 2026-09-18,0.14,0.23,Delivery without confirmed completion,"O: observed session IDs, not verified people; C: reconciled completed intakes, including returns; V: form versions changed Sep18",AD,CT People r2 | hvac__monthly,CT Themes 20260913 | hvac,1,2026-09-18,2026-09-18,True,0.05,3,https://www.cohesiveinsure.com/marketing-review/20260919/deep-scan/images/ecddd3ebe39bba88.jpg,[],[],{}
120251182154730660,CT Rate Creep 20260918 | hvac-plain,120251080550890660,120251082520210660,ACTIVE,CAMPAIGN_PAUSED,2026-09-18T17:13:37-0400,2026-09-18T17:16:11-0400,static image,No claims. Higher renewal?,"HVAC contractors: no claims, but your business insurance renewal is higher again? Before you renew, compare your options. Tell us when your current policy expires so we can help you compare before then.",,GET_QUOTE,https://www.cohesiveinsure.com/contractor-test?industry=hvac&angle=coi&creative_variant=hvac__monthly__man_or_crew_1__cta2__r2&creative_angle=monthly&creative_visual=man_or_crew_1&creative_cta=Compare+my+rate,utm_source=facebook&utm_medium=paid&utm_campaign={{campaign.name}}&utm_content={{ad.name}}&utm_term={{adset.name}}&ad_id={{ad.id}}&adset_id={{adset.id}}&campaign_id={{campaign.id}},Current code: 2026-09-18-trade-v5; historical versions differ,hvac__coi__{step|long}__v1 (layout assigned at visit),hvac__monthly__man_or_crew_1__cta2__r2,images/2848f48dabc3e38c.jpg,1306868141413402,0.86,25,0,34.4,0.0,,0,0,0,0,,,,HVAC,2026-09-13 to 2026-09-18,0.12,0.19,Delivery without confirmed completion,"O: observed session IDs, not verified people; C: reconciled completed intakes, including returns; V: form versions changed Sep18",AD,CT People r2 | hvac__monthly,CT Themes 20260913 | hvac,1,2026-09-18,2026-09-18,True,0.33,10,https://www.cohesiveinsure.com/marketing-review/20260919/deep-scan/images/2848f48dabc3e38c.jpg,[],[],{}
120251182271850660,CT Native Voice 20260918 | hvac-rate_creep,120251080550890660,120251082520210660,ACTIVE,CAMPAIGN_PAUSED,2026-09-18T17:31:16-0400,2026-09-18T17:34:03-0400,static image,Insurance for hvac,"if my hvac insurance renewal comes back higher when i've had no claims, i'm not treating the new price as a done deal.

that's my cue to compare before renewal. not after the payment goes out.",,GET_QUOTE,https://www.cohesiveinsure.com/contractor-test?industry=hvac&angle=coi&creative_variant=hvac__monthly__man_or_crew_1__cta2__r2&creative_angle=monthly&creative_visual=man_or_crew_1&creative_cta=Compare+my+rate,utm_source=facebook&utm_medium=paid&utm_campaign={{campaign.name}}&utm_content={{ad.name}}&utm_term={{adset.name}}&ad_id={{ad.id}}&adset_id={{adset.id}}&campaign_id={{campaign.id}},Current code: 2026-09-18-trade-v5; historical versions differ,hvac__coi__{step|long}__v1 (layout assigned at visit),hvac__monthly__man_or_crew_1__cta2__r2,images/08b4002da308d397.jpg,1156959063943706,0.71,11,0,64.55,0.0,,0,0,0,0,,,,HVAC,2026-09-13 to 2026-09-18,0.1,0.16,Delivery without confirmed completion,"O: observed session IDs, not verified people; C: reconciled completed intakes, including returns; V: form versions changed Sep18",AD,CT People r2 | hvac__monthly,CT Themes 20260913 | hvac,1,2026-09-18,2026-09-18,True,0.07,4,https://www.cohesiveinsure.com/marketing-review/20260919/deep-scan/images/08b4002da308d397.jpg,[],[],{}
120251182148620660,CT Rate Creep 20260918 | hvac-notes,120251080550890660,120251082520210660,ACTIVE,CAMPAIGN_PAUSED,2026-09-18T17:12:27-0400,2026-09-18T17:15:05-0400,static image,No claims. Higher renewal?,"HVAC contractors: no claims, but your business insurance renewal is higher again? Before you renew, compare your options. Tell us when your current policy expires so we can help you compare before then.",,GET_QUOTE,https://www.cohesiveinsure.com/contractor-test?industry=hvac&angle=coi&creative_variant=hvac__monthly__man_or_crew_1__cta2__r2&creative_angle=monthly&creative_visual=man_or_crew_1&creative_cta=Compare+my+rate,utm_source=facebook&utm_medium=paid&utm_campaign={{campaign.name}}&utm_content={{ad.name}}&utm_term={{adset.name}}&ad_id={{ad.id}}&adset_id={{adset.id}}&campaign_id={{campaign.id}},Current code: 2026-09-18-trade-v5; historical versions differ,hvac__coi__{step|long}__v1 (layout assigned at visit),hvac__monthly__man_or_crew_1__cta2__r2,images/f4676a5e0750dfcd.jpg,1377559517821904,0.53,14,0,37.86,0.0,,0,0,0,0,,,,HVAC,2026-09-13 to 2026-09-18,0.07,0.12,Delivery without confirmed completion,"O: observed session IDs, not verified people; C: reconciled completed intakes, including returns; V: form versions changed Sep18",AD,CT People r2 | hvac__monthly,CT Themes 20260913 | hvac,1,2026-09-18,2026-09-18,True,0.0,0,https://www.cohesiveinsure.com/marketing-review/20260919/deep-scan/images/f4676a5e0750dfcd.jpg,[],[],{}
120251082520670660,CT People r2 | hvac__monthly__woman_1__cta1__r2,120251080550890660,120251082520210660,ACTIVE,CAMPAIGN_PAUSED,2026-09-13T02:01:15-0400,2026-09-13T12:50:10-0400,static image,HVAC contractor insurance,"HVAC contractors: business insurance from $39/month. Get a quote for your business.

Get my quote.",,GET_QUOTE,https://www.cohesiveinsure.com/contractor-test?industry=hvac&angle=coi&creative_variant=hvac__monthly__woman_1__cta1__r2&creative_angle=monthly&creative_visual=woman_1&creative_cta=Get+my+quote,utm_source=facebook&utm_medium=paid&utm_campaign={{campaign.name}}&utm_content={{ad.name}}&utm_term={{adset.name}}&ad_id={{ad.id}}&adset_id={{adset.id}}&campaign_id={{campaign.id}},Current code: 2026-09-18-trade-v5; historical versions differ,hvac__coi__{step|long}__v1 (layout assigned at visit),hvac__monthly__woman_1__cta1__r2,images/1a8eac90757684be.jpg,1027549596999746,0.51,18,0,28.33,0.0,,0,0,0,0,,,,HVAC,2026-09-13 to 2026-09-18,0.07,0.12,Delivery without confirmed completion,"O: observed session IDs, not verified people; C: reconciled completed intakes, including returns; V: form versions changed Sep18",AD,CT People r2 | hvac__monthly,CT Themes 20260913 | hvac,2,2026-09-13,2026-09-14,True,0.76,6,https://www.cohesiveinsure.com/marketing-review/20260919/deep-scan/images/1a8eac90757684be.jpg,[],[],{}
120251161809550660,CT CPC 20260917 | hvac-completed,120251080550890660,120251082520210660,ACTIVE,CAMPAIGN_PAUSED,2026-09-17T13:22:20-0400,2026-09-17T13:25:04-0400,static image,HVAC installation liability,HVAC contractors: an installation can be finished before a water-damage claim arrives. Ask us to review liability coverage for your installation work before you renew. Get a business insurance quote.,,GET_QUOTE,https://www.cohesiveinsure.com/contractor-test?industry=hvac&angle=coi&creative_variant=hvac__monthly__man_or_crew_1__cta2__r2&creative_angle=monthly&creative_visual=man_or_crew_1&creative_cta=Compare+my+rate,utm_source=facebook&utm_medium=paid&utm_campaign={{campaign.name}}&utm_content={{ad.name}}&utm_term={{adset.name}}&ad_id={{ad.id}}&adset_id={{adset.id}}&campaign_id={{campaign.id}},Current code: 2026-09-18-trade-v5; historical versions differ,hvac__coi__{step|long}__v1 (layout assigned at visit),hvac__monthly__man_or_crew_1__cta2__r2,images/c67a8a7f8a4ff408.jpg,1619430426520894,0.46,12,0,38.33,0.0,,0,0,0,0,,,,HVAC,2026-09-13 to 2026-09-18,0.06,0.1,Delivery without confirmed completion,"O: observed session IDs, not verified people; C: reconciled completed intakes, including returns; V: form versions changed Sep18",AD,CT People r2 | hvac__monthly,CT Themes 20260913 | hvac,2,2026-09-17,2026-09-18,True,0.04,1,https://www.cohesiveinsure.com/marketing-review/20260919/deep-scan/images/c67a8a7f8a4ff408.jpg,[],[],{}
120251150832840660,CT MECHANISM 20260917 | hvac-water,120251080550890660,120251082520210660,ACTIVE,CAMPAIGN_PAUSED,2026-09-16T23:17:21-0400,2026-09-16T23:20:03-0400,static image,Check your installation coverage,HVAC contractors: worried about water damage after an installation? Tell us about your work and ask us to check the liability coverage before your next renewal. Get an HVAC insurance quote.,,GET_QUOTE,https://www.cohesiveinsure.com/contractor-test?industry=hvac&angle=coi&creative_variant=hvac__monthly__man_or_crew_1__cta2__r2&creative_angle=monthly&creative_visual=man_or_crew_1&creative_cta=Compare+my+rate,utm_source=facebook&utm_medium=paid&utm_campaign={{campaign.name}}&utm_content={{ad.name}}&utm_term={{adset.name}}&ad_id={{ad.id}}&adset_id={{adset.id}}&campaign_id={{campaign.id}},Current code: 2026-09-18-trade-v5; historical versions differ,hvac__coi__{step|long}__v1 (layout assigned at visit),hvac__monthly__man_or_crew_1__cta2__r2,images/c67a8a7f8a4ff408.jpg,1069616139017953,0.45,8,0,56.25,0.0,,0,0,0,0,,,,HVAC,2026-09-13 to 2026-09-18,0.06,0.1,Delivery without confirmed completion,"O: observed session IDs, not verified people; C: reconciled completed intakes, including returns; V: form versions changed Sep18",AD,CT People r2 | hvac__monthly,CT Themes 20260913 | hvac,2,2026-09-17,2026-09-18,True,0.0,0,https://www.cohesiveinsure.com/marketing-review/20260919/deep-scan/images/c67a8a7f8a4ff408.jpg,[],[],{}
120251182159740660,CT Rate Creep 20260918 | hvac-tweet,120251080550890660,120251082520210660,ACTIVE,CAMPAIGN_PAUSED,2026-09-18T17:14:50-0400,2026-09-18T17:16:42-0400,static image,No claims. Higher renewal?,"HVAC contractors: no claims, but your business insurance renewal is higher again? Before you renew, compare your options. Tell us when your current policy expires so we can help you compare before then.",,GET_QUOTE,https://www.cohesiveinsure.com/contractor-test?industry=hvac&angle=coi&creative_variant=hvac__monthly__man_or_crew_1__cta2__r2&creative_angle=monthly&creative_visual=man_or_crew_1&creative_cta=Compare+my+rate,utm_source=facebook&utm_medium=paid&utm_campaign={{campaign.name}}&utm_content={{ad.name}}&utm_term={{adset.name}}&ad_id={{ad.id}}&adset_id={{adset.id}}&campaign_id={{campaign.id}},Current code: 2026-09-18-trade-v5; historical versions differ,hvac__coi__{step|long}__v1 (layout assigned at visit),hvac__monthly__man_or_crew_1__cta2__r2,images/c346c48d17d744f0.jpg,2583420178795903,0.37,16,0,23.12,0.0,,0,0,0,0,,,,HVAC,2026-09-13 to 2026-09-18,0.05,0.08,Delivery without confirmed completion,"O: observed session IDs, not verified people; C: reconciled completed intakes, including returns; V: form versions changed Sep18",AD,CT People r2 | hvac__monthly,CT Themes 20260913 | hvac,1,2026-09-18,2026-09-18,True,1.3,32,https://www.cohesiveinsure.com/marketing-review/20260919/deep-scan/images/c346c48d17d744f0.jpg,[],[],{}
120251170093680660,CT Object 20260918 | safety_sign-renewal-hvac,120251080550890660,120251082520210660,ACTIVE,CAMPAIGN_PAUSED,2026-09-18T01:49:49-0400,2026-09-18T01:52:48-0400,static image,Before your next renewal,"HVAC contractors: GL RENEWAL, 14 DAYS
Compare before your renewal becomes the deadline.
Request an insurance quote.",,GET_QUOTE,https://www.cohesiveinsure.com/contractor-test?industry=hvac&angle=coi&creative_variant=hvac__monthly__man_or_crew_1__cta2__r2&creative_angle=monthly&creative_visual=man_or_crew_1&creative_cta=Compare+my+rate,utm_source=facebook&utm_medium=paid&utm_campaign={{campaign.name}}&utm_content={{ad.name}}&utm_term={{adset.name}}&ad_id={{ad.id}}&adset_id={{adset.id}}&campaign_id={{campaign.id}},Current code: 2026-09-18-trade-v5; historical versions differ,hvac__coi__{step|long}__v1 (layout assigned at visit),hvac__monthly__man_or_crew_1__cta2__r2,images/f75f543cce66eb6d.jpg,2075656226672856,0.27,8,0,33.75,0.0,,0,0,0,0,,,,HVAC,2026-09-13 to 2026-09-18,0.04,0.06,Delivery without confirmed completion,"O: observed session IDs, not verified people; C: reconciled completed intakes, including returns; V: form versions changed Sep18",AD,CT People r2 | hvac__monthly,CT Themes 20260913 | hvac,1,2026-09-18,2026-09-18,True,0.06,3,https://www.cohesiveinsure.com/marketing-review/20260919/deep-scan/images/f75f543cce66eb6d.jpg,[],[],{}
120251150833460660,CT MECHANISM 20260917 | hvac-job,120251080550890660,120251082520210660,ACTIVE,CAMPAIGN_PAUSED,2026-09-16T23:17:26-0400,2026-09-16T23:19:54-0400,static image,Get ready for the next installation,HVAC contractors: does the property manager need proof of insurance before your crew can start? Send the requirements and start date. Get a quote for your business.,,GET_QUOTE,https://www.cohesiveinsure.com/contractor-test?industry=hvac&angle=coi&creative_variant=hvac__monthly__man_or_crew_1__cta2__r2&creative_angle=monthly&creative_visual=man_or_crew_1&creative_cta=Compare+my+rate,utm_source=facebook&utm_medium=paid&utm_campaign={{campaign.name}}&utm_content={{ad.name}}&utm_term={{adset.name}}&ad_id={{ad.id}}&adset_id={{adset.id}}&campaign_id={{campaign.id}},Current code: 2026-09-18-trade-v5; historical versions differ,hvac__coi__{step|long}__v1 (layout assigned at visit),hvac__monthly__man_or_crew_1__cta2__r2,images/c67a8a7f8a4ff408.jpg,1644035487106502,0.25,2,0,125.0,0.0,,0,0,0,0,,,,HVAC,2026-09-13 to 2026-09-18,0.03,0.06,Delivery without confirmed completion,"O: observed session IDs, not verified people; C: reconciled completed intakes, including returns; V: form versions changed Sep18",AD,CT People r2 | hvac__monthly,CT Themes 20260913 | hvac,1,2026-09-17,2026-09-17,True,0.0,0,https://www.cohesiveinsure.com/marketing-review/20260919/deep-scan/images/c67a8a7f8a4ff408.jpg,[],[],{}
120251169449470660,CT Wide 20260918 | hvac-notes,120251080550890660,120251082520210660,ACTIVE,CAMPAIGN_PAUSED,2026-09-18T00:42:17-0400,2026-09-18T00:44:49-0400,static image,HVAC insurance: beyond the unit,HVAC contractors: a leaking condensate line can damage more than the unit. Ask us to check liability coverage for the installation work you do. Get a quote before renewal.,,GET_QUOTE,https://www.cohesiveinsure.com/contractor-test?industry=hvac&angle=coi&creative_variant=hvac__monthly__man_or_crew_1__cta2__r2&creative_angle=monthly&creative_visual=man_or_crew_1&creative_cta=Compare+my+rate,utm_source=facebook&utm_medium=paid&utm_campaign={{campaign.name}}&utm_content={{ad.name}}&utm_term={{adset.name}}&ad_id={{ad.id}}&adset_id={{adset.id}}&campaign_id={{campaign.id}},Current code: 2026-09-18-trade-v5; historical versions differ,hvac__coi__{step|long}__v1 (layout assigned at visit),hvac__monthly__man_or_crew_1__cta2__r2,images/f17795282fd0067d.jpg,4449977558591360,0.2,5,0,40.0,0.0,,0,0,0,0,,,,HVAC,2026-09-13 to 2026-09-18,0.03,0.05,Delivery without confirmed completion,"O: observed session IDs, not verified people; C: reconciled completed intakes, including returns; V: form versions changed Sep18",AD,CT People r2 | hvac__monthly,CT Themes 20260913 | hvac,1,2026-09-18,2026-09-18,True,0.0,0,https://www.cohesiveinsure.com/marketing-review/20260919/deep-scan/images/f17795282fd0067d.jpg,[],[],{}
120251169603040660,CT Factorial 20260918 | carousel-obligation-hvac,120251080550890660,120251082520210660,ACTIVE,CAMPAIGN_PAUSED,2026-09-18T01:00:06-0400,2026-09-18T01:02:45-0400,carousel,Quote for the work ahead,Hvac Contractors: The job needs proof of insurance. Have a contract asking for a COI? Send us the requirements when you request your quote.,,GET_QUOTE,https://www.cohesiveinsure.com/contractor-test?industry=hvac&angle=coi&creative_variant=hvac__monthly__man_or_crew_1__cta2__r2&creative_angle=monthly&creative_visual=man_or_crew_1&creative_cta=Compare+my+rate,utm_source=facebook&utm_medium=paid&utm_campaign={{campaign.name}}&utm_content={{ad.name}}&utm_term={{adset.name}}&ad_id={{ad.id}}&adset_id={{adset.id}}&campaign_id={{campaign.id}},Current code: 2026-09-18-trade-v5; historical versions differ,hvac__coi__{step|long}__v1 (layout assigned at visit),hvac__monthly__man_or_crew_1__cta2__r2,images/3aa5f507ad17427c.jpg,1068284502662651,0.2,3,0,66.67,0.0,,0,0,0,0,,,,HVAC,2026-09-13 to 2026-09-18,0.03,0.05,Delivery without confirmed completion,"O: observed session IDs, not verified people; C: reconciled completed intakes, including returns; V: form versions changed Sep18",AD,CT People r2 | hvac__monthly,CT Themes 20260913 | hvac,1,2026-09-18,2026-09-18,True,0.0,0,https://www.cohesiveinsure.com/marketing-review/20260919/deep-scan/images/3aa5f507ad17427c.jpg,[],[],{}
120251182142420660,CT Rate Creep 20260918 | hvac-texts,120251080550890660,120251082520210660,ACTIVE,CAMPAIGN_PAUSED,2026-09-18T17:11:16-0400,2026-09-18T17:13:21-0400,static image,No claims. Higher renewal?,"HVAC contractors: no claims, but your business insurance renewal is higher again? Before you renew, compare your options. Tell us when your current policy expires so we can help you compare before then.",,GET_QUOTE,https://www.cohesiveinsure.com/contractor-test?industry=hvac&angle=coi&creative_variant=hvac__monthly__man_or_crew_1__cta2__r2&creative_angle=monthly&creative_visual=man_or_crew_1&creative_cta=Compare+my+rate,utm_source=facebook&utm_medium=paid&utm_campaign={{campaign.name}}&utm_content={{ad.name}}&utm_term={{adset.name}}&ad_id={{ad.id}}&adset_id={{adset.id}}&campaign_id={{campaign.id}},Current code: 2026-09-18-trade-v5; historical versions differ,hvac__coi__{step|long}__v1 (layout assigned at visit),hvac__monthly__man_or_crew_1__cta2__r2,images/bc507f1e49867d20.jpg,1619320983041116,0.17,3,0,56.67,0.0,,0,0,0,0,,,,HVAC,2026-09-13 to 2026-09-18,0.02,0.04,Delivery without confirmed completion,"O: observed session IDs, not verified people; C: reconciled completed intakes, including returns; V: form versions changed Sep18",AD,CT People r2 | hvac__monthly,CT Themes 20260913 | hvac,1,2026-09-18,2026-09-18,True,0.13,1,https://www.cohesiveinsure.com/marketing-review/20260919/deep-scan/images/bc507f1e49867d20.jpg,[],[],{}
120251169552590660,CT Wide 20260918 | hvac-email,120251080550890660,120251082520210660,ACTIVE,CAMPAIGN_PAUSED,2026-09-18T00:50:00-0400,2026-09-18T00:52:39-0400,static image,HVAC insurance: beyond the unit,HVAC contractors: a leaking condensate line can damage more than the unit. Ask us to check liability coverage for the installation work you do. Get a quote before renewal.,,GET_QUOTE,https://www.cohesiveinsure.com/contractor-test?industry=hvac&angle=coi&creative_variant=hvac__monthly__man_or_crew_1__cta2__r2&creative_angle=monthly&creative_visual=man_or_crew_1&creative_cta=Compare+my+rate,utm_source=facebook&utm_medium=paid&utm_campaign={{campaign.name}}&utm_content={{ad.name}}&utm_term={{adset.name}}&ad_id={{ad.id}}&adset_id={{adset.id}}&campaign_id={{campaign.id}},Current code: 2026-09-18-trade-v5; historical versions differ,hvac__coi__{step|long}__v1 (layout assigned at visit),hvac__monthly__man_or_crew_1__cta2__r2,images/d73765a4ff14c70c.jpg,1574984410781243,0.11,4,0,27.5,0.0,,0,0,0,0,,,,HVAC,2026-09-13 to 2026-09-18,0.01,0.02,Delivery without confirmed completion,"O: observed session IDs, not verified people; C: reconciled completed intakes, including returns; V: form versions changed Sep18",AD,CT People r2 | hvac__monthly,CT Themes 20260913 | hvac,1,2026-09-18,2026-09-18,True,0.0,0,https://www.cohesiveinsure.com/marketing-review/20260919/deep-scan/images/d73765a4ff14c70c.jpg,[],[],{}
120251170077630660,CT Object 20260918 | cardboard-coverage_worry-hvac,120251080550890660,120251082520210660,ACTIVE,CAMPAIGN_PAUSED,2026-09-18T01:48:08-0400,2026-09-18T01:50:17-0400,static image,Check coverage for your work,"HVAC contractors: Install finished. Leak later.
Check liability coverage for damage from your installation work.
Request an insurance quote.",,GET_QUOTE,https://www.cohesiveinsure.com/contractor-test?industry=hvac&angle=coi&creative_variant=hvac__monthly__man_or_crew_1__cta2__r2&creative_angle=monthly&creative_visual=man_or_crew_1&creative_cta=Compare+my+rate,utm_source=facebook&utm_medium=paid&utm_campaign={{campaign.name}}&utm_content={{ad.name}}&utm_term={{adset.name}}&ad_id={{ad.id}}&adset_id={{adset.id}}&campaign_id={{campaign.id}},Current code: 2026-09-18-trade-v5; historical versions differ,hvac__coi__{step|long}__v1 (layout assigned at visit),hvac__monthly__man_or_crew_1__cta2__r2,images/3d72f1c3713a3146.jpg,1486715023292865,0.08,2,0,40.0,0.0,,0,0,0,0,,,,HVAC,2026-09-13 to 2026-09-18,0.01,0.02,Delivery without confirmed completion,"O: observed session IDs, not verified people; C: reconciled completed intakes, including returns; V: form versions changed Sep18",AD,CT People r2 | hvac__monthly,CT Themes 20260913 | hvac,1,2026-09-18,2026-09-18,True,0.0,0,https://www.cohesiveinsure.com/marketing-review/20260919/deep-scan/images/3d72f1c3713a3146.jpg,[],[],{}
120251169588020660,CT Factorial 20260918 | handwritten-dollar_savings_framing-hvac,120251080550890660,120251082520210660,ACTIVE,CAMPAIGN_PAUSED,2026-09-18T00:56:45-0400,2026-09-18T00:59:27-0400,static image,Compare before renewing,Hvac Contractors: What could you keep at renewal? Compare your premium and the coverage behind it. Request an insurance quote before you renew.,,GET_QUOTE,https://www.cohesiveinsure.com/contractor-test?industry=hvac&angle=coi&creative_variant=hvac__monthly__man_or_crew_1__cta2__r2&creative_angle=monthly&creative_visual=man_or_crew_1&creative_cta=Compare+my+rate,utm_source=facebook&utm_medium=paid&utm_campaign={{campaign.name}}&utm_content={{ad.name}}&utm_term={{adset.name}}&ad_id={{ad.id}}&adset_id={{adset.id}}&campaign_id={{campaign.id}},Current code: 2026-09-18-trade-v5; historical versions differ,hvac__coi__{step|long}__v1 (layout assigned at visit),hvac__monthly__man_or_crew_1__cta2__r2,images/6599a0b3a25e8b77.jpg,1659645175583964,0.06,1,0,60.0,0.0,,0,0,0,0,,,,HVAC,2026-09-13 to 2026-09-18,0.01,0.01,Delivery without confirmed completion,"O: observed session IDs, not verified people; C: reconciled completed intakes, including returns; V: form versions changed Sep18",AD,CT People r2 | hvac__monthly,CT Themes 20260913 | hvac,1,2026-09-18,2026-09-18,True,0.03,1,https://www.cohesiveinsure.com/marketing-review/20260919/deep-scan/images/6599a0b3a25e8b77.jpg,[],[],{}
120251167871650660,CT CPC 20260918 | hvac-leak,120251080550890660,120251082520210660,ACTIVE,CAMPAIGN_PAUSED,2026-09-17T21:43:08-0400,2026-09-17T21:45:40-0400,static image,HVAC insurance: beyond the unit,HVAC contractors: a leaking condensate line can damage more than the unit. Ask us to check liability coverage for the installation work you do. Get a quote before renewal.,,GET_QUOTE,https://www.cohesiveinsure.com/contractor-test?industry=hvac&angle=coi&creative_variant=hvac__monthly__man_or_crew_1__cta2__r2&creative_angle=monthly&creative_visual=man_or_crew_1&creative_cta=Compare+my+rate,utm_source=facebook&utm_medium=paid&utm_campaign={{campaign.name}}&utm_content={{ad.name}}&utm_term={{adset.name}}&ad_id={{ad.id}}&adset_id={{adset.id}}&campaign_id={{campaign.id}},Current code: 2026-09-18-trade-v5; historical versions differ,hvac__coi__{step|long}__v1 (layout assigned at visit),hvac__monthly__man_or_crew_1__cta2__r2,images/c67a8a7f8a4ff408.jpg,1133318809258684,0.03,2,0,15.0,0.0,,0,0,0,0,,,,HVAC,2026-09-13 to 2026-09-18,0.0,0.01,Delivery without confirmed completion,"O: observed session IDs, not verified people; C: reconciled completed intakes, including returns; V: form versions changed Sep18",AD,CT People r2 | hvac__monthly,CT Themes 20260913 | hvac,1,2026-09-17,2026-09-17,True,0.0,0,https://www.cohesiveinsure.com/marketing-review/20260919/deep-scan/images/c67a8a7f8a4ff408.jpg,[],[],{}
120251169633040660,CT Factorial 20260918 | video-breadth-hvac,120251080550890660,120251082520210660,ACTIVE,CAMPAIGN_PAUSED,2026-09-18T01:05:45-0400,2026-09-18T01:08:55-0400,video (poster shown),Compare insurance options,Hvac Contractors: One request. More coverage options. Tell us about your work. We can compare options from multiple insurance carriers.,,GET_QUOTE,https://www.cohesiveinsure.com/contractor-test?industry=hvac&angle=coi&creative_variant=hvac__monthly__man_or_crew_1__cta2__r2&creative_angle=monthly&creative_visual=man_or_crew_1&creative_cta=Compare+my+rate,utm_source=facebook&utm_medium=paid&utm_campaign={{campaign.name}}&utm_content={{ad.name}}&utm_term={{adset.name}}&ad_id={{ad.id}}&adset_id={{adset.id}}&campaign_id={{campaign.id}},Current code: 2026-09-18-trade-v5; historical versions differ,hvac__coi__{step|long}__v1 (layout assigned at visit),hvac__monthly__man_or_crew_1__cta2__r2,images/f5ecc20194326b8e.jpg,3263131710545838,0,0,0,,,,0,0,0,0,,,,HVAC,2026-09-13 to 2026-09-18,0.0,0.0,No delivery through Sep18,"O: observed session IDs, not verified people; C: reconciled completed intakes, including returns; V: form versions changed Sep18",AD,CT People r2 | hvac__monthly,CT Themes 20260913 | hvac,0,,,False,0.0,0,https://www.cohesiveinsure.com/marketing-review/20260919/deep-scan/images/f5ecc20194326b8e.jpg,[],[],{}
120251082527490660,CT People r2 | hvac__work__man_or_crew_2__cta2__r2,120251080550890660,120251082523300660,ACTIVE,CAMPAIGN_PAUSED,2026-09-13T02:02:28-0400,2026-09-13T12:50:12-0400,static image,HVAC contractor insurance,"Installing HVAC systems, not just servicing them? Get an insurance quote for the work your business actually does.

Compare my rate.",,GET_QUOTE,https://www.cohesiveinsure.com/contractor-test?industry=hvac&angle=coi&creative_variant=hvac__work__man_or_crew_2__cta2__r2&creative_angle=work&creative_visual=man_or_crew_2&creative_cta=Compare+my+rate,utm_source=facebook&utm_medium=paid&utm_campaign={{campaign.name}}&utm_content={{ad.name}}&utm_term={{adset.name}}&ad_id={{ad.id}}&adset_id={{adset.id}}&campaign_id={{campaign.id}},Current code: 2026-09-18-trade-v5; historical versions differ,hvac__coi__{step|long}__v1 (layout assigned at visit),hvac__work__man_or_crew_2__cta2__r2,images/012ac9526f16a7d8.jpg,1619048339604243,1.03,17,0,60.59,0.0,,0,0,0,0,,,,HVAC,2026-09-13 to 2026-09-18,0.14,73.57,Delivery without confirmed completion,"O: observed session IDs, not verified people; C: reconciled completed intakes, including returns; V: form versions changed Sep18",AD,CT People r2 | hvac__work,CT Themes 20260913 | hvac,3,2026-09-13,2026-09-15,True,0.0,0,https://www.cohesiveinsure.com/marketing-review/20260919/deep-scan/images/012ac9526f16a7d8.jpg,[],[],{}
120251082527270660,CT People r2 | hvac__work__man_or_crew_2__cta1__r2,120251080550890660,120251082523300660,ACTIVE,CAMPAIGN_PAUSED,2026-09-13T02:02:22-0400,2026-09-13T12:50:11-0400,static image,HVAC contractor insurance,"Installing HVAC systems, not just servicing them? Get an insurance quote for the work your business actually does.

Get my quote.",,GET_QUOTE,https://www.cohesiveinsure.com/contractor-test?industry=hvac&angle=coi&creative_variant=hvac__work__man_or_crew_2__cta1__r2&creative_angle=work&creative_visual=man_or_crew_2&creative_cta=Get+my+quote,utm_source=facebook&utm_medium=paid&utm_campaign={{campaign.name}}&utm_content={{ad.name}}&utm_term={{adset.name}}&ad_id={{ad.id}}&adset_id={{adset.id}}&campaign_id={{campaign.id}},Current code: 2026-09-18-trade-v5; historical versions differ,hvac__coi__{step|long}__v1 (layout assigned at visit),hvac__work__man_or_crew_2__cta1__r2,images/363f24ef788e46fb.jpg,2161826661885035,0.18,10,0,18.0,0.0,,0,0,0,0,,,,HVAC,2026-09-13 to 2026-09-18,0.02,12.86,Delivery without confirmed completion,"O: observed session IDs, not verified people; C: reconciled completed intakes, including returns; V: form versions changed Sep18",AD,CT People r2 | hvac__work,CT Themes 20260913 | hvac,2,2026-09-13,2026-09-14,True,0.0,0,https://www.cohesiveinsure.com/marketing-review/20260919/deep-scan/images/363f24ef788e46fb.jpg,[],[],{}
120251082527180660,CT People r2 | hvac__work__woman_2__cta2__r2,120251080550890660,120251082523300660,ACTIVE,CAMPAIGN_PAUSED,2026-09-13T02:02:16-0400,2026-09-13T12:50:10-0400,static image,HVAC contractor insurance,"Installing HVAC systems, not just servicing them? Get an insurance quote for the work your business actually does.

Compare my rate.",,GET_QUOTE,https://www.cohesiveinsure.com/contractor-test?industry=hvac&angle=coi&creative_variant=hvac__work__woman_2__cta2__r2&creative_angle=work&creative_visual=woman_2&creative_cta=Compare+my+rate,utm_source=facebook&utm_medium=paid&utm_campaign={{campaign.name}}&utm_content={{ad.name}}&utm_term={{adset.name}}&ad_id={{ad.id}}&adset_id={{adset.id}}&campaign_id={{campaign.id}},Current code: 2026-09-18-trade-v5; historical versions differ,hvac__coi__{step|long}__v1 (layout assigned at visit),hvac__work__woman_2__cta2__r2,images/bad0a0c2d04f66e2.jpg,1434985395200746,0.11,3,0,36.67,0.0,,0,0,0,0,,,,HVAC,2026-09-13 to 2026-09-18,0.01,7.86,Delivery without confirmed completion,"O: observed session IDs, not verified people; C: reconciled completed intakes, including returns; V: form versions changed Sep18",AD,CT People r2 | hvac__work,CT Themes 20260913 | hvac,2,2026-09-13,2026-09-14,True,0.0,0,https://www.cohesiveinsure.com/marketing-review/20260919/deep-scan/images/bad0a0c2d04f66e2.jpg,[],[],{}
120251082524200660,CT People r2 | hvac__work__woman_1__cta1__r2,120251080550890660,120251082523300660,ACTIVE,CAMPAIGN_PAUSED,2026-09-13T02:01:57-0400,2026-09-13T12:50:12-0400,static image,HVAC contractor insurance,"Installing HVAC systems, not just servicing them? Get an insurance quote for the work your business actually does.

Get my quote.",,GET_QUOTE,https://www.cohesiveinsure.com/contractor-test?industry=hvac&angle=coi&creative_variant=hvac__work__woman_1__cta1__r2&creative_angle=work&creative_visual=woman_1&creative_cta=Get+my+quote,utm_source=facebook&utm_medium=paid&utm_campaign={{campaign.name}}&utm_content={{ad.name}}&utm_term={{adset.name}}&ad_id={{ad.id}}&adset_id={{adset.id}}&campaign_id={{campaign.id}},Current code: 2026-09-18-trade-v5; historical versions differ,hvac__coi__{step|long}__v1 (layout assigned at visit),hvac__work__woman_1__cta1__r2,images/5d3929c3ca52ca50.jpg,2625825831202295,0.06,1,0,60.0,0.0,,0,0,0,0,,,,HVAC,2026-09-13 to 2026-09-18,0.01,4.29,Delivery without confirmed completion,"O: observed session IDs, not verified people; C: reconciled completed intakes, including returns; V: form versions changed Sep18",AD,CT People r2 | hvac__work,CT Themes 20260913 | hvac,1,2026-09-14,2026-09-14,True,0.0,0,https://www.cohesiveinsure.com/marketing-review/20260919/deep-scan/images/5d3929c3ca52ca50.jpg,"[{""action_type"": ""post_reaction"", ""value"": ""1""}, {""action_type"": ""post_engagement"", ""value"": ""1""}, {""action_type"": ""post_interaction_gross"", ""value"": ""1""}, {""action_type"": ""page_engagement"", ""value"": ""1""}, {""action_type"": ""post_interaction_net"", ""value"": ""1""}, {""action_type"": ""onsite_conversion.post_net_like"", ""value"": ""1""}]",[],{}
120251082526800660,CT People r2 | hvac__work__woman_2__cta1__r2,120251080550890660,120251082523300660,ACTIVE,CAMPAIGN_PAUSED,2026-09-13T02:02:09-0400,2026-09-13T12:50:10-0400,static image,HVAC contractor insurance,"Installing HVAC systems, not just servicing them? Get an insurance quote for the work your business actually does.

Get my quote.",,GET_QUOTE,https://www.cohesiveinsure.com/contractor-test?industry=hvac&angle=coi&creative_variant=hvac__work__woman_2__cta1__r2&creative_angle=work&creative_visual=woman_2&creative_cta=Get+my+quote,utm_source=facebook&utm_medium=paid&utm_campaign={{campaign.name}}&utm_content={{ad.name}}&utm_term={{adset.name}}&ad_id={{ad.id}}&adset_id={{adset.id}}&campaign_id={{campaign.id}},Current code: 2026-09-18-trade-v5; historical versions differ,hvac__coi__{step|long}__v1 (layout assigned at visit),hvac__work__woman_2__cta1__r2,images/9de4af1d8f26abcf.jpg,1102814362187211,0.02,1,0,20.0,0.0,,0,0,0,0,,,,HVAC,2026-09-13 to 2026-09-18,0.0,1.43,Delivery without confirmed completion,"O: observed session IDs, not verified people; C: reconciled completed intakes, including returns; V: form versions changed Sep18",AD,CT People r2 | hvac__work,CT Themes 20260913 | hvac,1,2026-09-13,2026-09-13,True,0.0,0,https://www.cohesiveinsure.com/marketing-review/20260919/deep-scan/images/9de4af1d8f26abcf.jpg,[],[],{}
120251082524840660,CT People r2 | hvac__work__woman_1__cta2__r2,120251080550890660,120251082523300660,ACTIVE,CAMPAIGN_PAUSED,2026-09-13T02:02:03-0400,2026-09-13T12:50:12-0400,static image,HVAC contractor insurance,"Installing HVAC systems, not just servicing them? Get an insurance quote for the work your business actually does.

Compare my rate.",,GET_QUOTE,https://www.cohesiveinsure.com/contractor-test?industry=hvac&angle=coi&creative_variant=hvac__work__woman_1__cta2__r2&creative_angle=work&creative_visual=woman_1&creative_cta=Compare+my+rate,utm_source=facebook&utm_medium=paid&utm_campaign={{campaign.name}}&utm_content={{ad.name}}&utm_term={{adset.name}}&ad_id={{ad.id}}&adset_id={{adset.id}}&campaign_id={{campaign.id}},Current code: 2026-09-18-trade-v5; historical versions differ,hvac__coi__{step|long}__v1 (layout assigned at visit),hvac__work__woman_1__cta2__r2,images/5d09c1ac8e9f7fa7.jpg,1693716805601655,0,0,0,,,,0,0,0,0,,,,HVAC,2026-09-13 to 2026-09-18,0.0,0.0,No delivery through Sep18,"O: observed session IDs, not verified people; C: reconciled completed intakes, including returns; V: form versions changed Sep18",AD,CT People r2 | hvac__work,CT Themes 20260913 | hvac,0,,,False,0.0,0,https://www.cohesiveinsure.com/marketing-review/20260919/deep-scan/images/5d09c1ac8e9f7fa7.jpg,[],[],{}
120251082532040660,CT People r2 | hvac__coi__man_or_crew_1__cta2__r2,120251080550890660,120251082527830660,ACTIVE,CAMPAIGN_PAUSED,2026-09-13T02:03:05-0400,2026-09-13T12:50:12-0400,static image,HVAC contractor insurance,"HVAC contractors: your customer needs a COI. Start with an insurance quote for the work you do.

Compare my rate.",,GET_QUOTE,https://www.cohesiveinsure.com/contractor-test?industry=hvac&angle=coi&creative_variant=hvac__coi__man_or_crew_1__cta2__r2&creative_angle=coi&creative_visual=man_or_crew_1&creative_cta=Compare+my+rate,utm_source=facebook&utm_medium=paid&utm_campaign={{campaign.name}}&utm_content={{ad.name}}&utm_term={{adset.name}}&ad_id={{ad.id}}&adset_id={{adset.id}}&campaign_id={{campaign.id}},Current code: 2026-09-18-trade-v5; historical versions differ,hvac__coi__{step|long}__v1 (layout assigned at visit),hvac__coi__man_or_crew_1__cta2__r2,images/dcdc944759f735d9.jpg,2861979797504596,3.23,34,0,95.0,0.0,,0,0,0,0,,,,HVAC,2026-09-13 to 2026-09-18,0.43,50.39,Delivery without confirmed completion,"O: observed session IDs, not verified people; C: reconciled completed intakes, including returns; V: form versions changed Sep18",AD,CT People r2 | hvac__coi,CT Themes 20260913 | hvac,4,2026-09-13,2026-09-17,True,0.01,1,https://www.cohesiveinsure.com/marketing-review/20260919/deep-scan/images/dcdc944759f735d9.jpg,[],[],{}
120251082531040660,CT People r2 | hvac__coi__man_or_crew_1__cta1__r2,120251080550890660,120251082527830660,ACTIVE,CAMPAIGN_PAUSED,2026-09-13T02:02:59-0400,2026-09-13T12:50:11-0400,static image,HVAC contractor insurance,"HVAC contractors: your customer needs a COI. Start with an insurance quote for the work you do.

Get my quote.",,GET_QUOTE,https://www.cohesiveinsure.com/contractor-test?industry=hvac&angle=coi&creative_variant=hvac__coi__man_or_crew_1__cta1__r2&creative_angle=coi&creative_visual=man_or_crew_1&creative_cta=Get+my+quote,utm_source=facebook&utm_medium=paid&utm_campaign={{campaign.name}}&utm_content={{ad.name}}&utm_term={{adset.name}}&ad_id={{ad.id}}&adset_id={{adset.id}}&campaign_id={{campaign.id}},Current code: 2026-09-18-trade-v5; historical versions differ,hvac__coi__{step|long}__v1 (layout assigned at visit),hvac__coi__man_or_crew_1__cta1__r2,images/a1b36051e8fd5333.jpg,5002160606677458,3.01,6,0,501.67,0.0,,0,0,0,0,,,,HVAC,2026-09-13 to 2026-09-18,0.4,46.96,Delivery without confirmed completion,"O: observed session IDs, not verified people; C: reconciled completed intakes, including returns; V: form versions changed Sep18",AD,CT People r2 | hvac__coi,CT Themes 20260913 | hvac,2,2026-09-13,2026-09-14,True,0.0,0,https://www.cohesiveinsure.com/marketing-review/20260919/deep-scan/images/a1b36051e8fd5333.jpg,[],[],{}
120251082528370660,CT People r2 | hvac__coi__woman_1__cta1__r2,120251080550890660,120251082527830660,ACTIVE,CAMPAIGN_PAUSED,2026-09-13T02:02:36-0400,2026-09-13T12:50:11-0400,static image,HVAC contractor insurance,"HVAC contractors: your customer needs a COI. Start with an insurance quote for the work you do.

Get my quote.",,GET_QUOTE,https://www.cohesiveinsure.com/contractor-test?industry=hvac&angle=coi&creative_variant=hvac__coi__woman_1__cta1__r2&creative_angle=coi&creative_visual=woman_1&creative_cta=Get+my+quote,utm_source=facebook&utm_medium=paid&utm_campaign={{campaign.name}}&utm_content={{ad.name}}&utm_term={{adset.name}}&ad_id={{ad.id}}&adset_id={{adset.id}}&campaign_id={{campaign.id}},Current code: 2026-09-18-trade-v5; historical versions differ,hvac__coi__{step|long}__v1 (layout assigned at visit),hvac__coi__woman_1__cta1__r2,images/d8be90bfc467cf8e.jpg,1300327678738223,0.17,1,0,170.0,0.0,,0,0,0,0,,,,HVAC,2026-09-13 to 2026-09-18,0.02,2.65,Delivery without confirmed completion,"O: observed session IDs, not verified people; C: reconciled completed intakes, including returns; V: form versions changed Sep18",AD,CT People r2 | hvac__coi,CT Themes 20260913 | hvac,1,2026-09-13,2026-09-13,True,0.0,0,https://www.cohesiveinsure.com/marketing-review/20260919/deep-scan/images/d8be90bfc467cf8e.jpg,[],[],{}
120251082528810660,CT People r2 | hvac__coi__woman_1__cta2__r2,120251080550890660,120251082527830660,ACTIVE,CAMPAIGN_PAUSED,2026-09-13T02:02:42-0400,2026-09-13T12:50:11-0400,static image,HVAC contractor insurance,"HVAC contractors: your customer needs a COI. Start with an insurance quote for the work you do.

Compare my rate.",,GET_QUOTE,https://www.cohesiveinsure.com/contractor-test?industry=hvac&angle=coi&creative_variant=hvac__coi__woman_1__cta2__r2&creative_angle=coi&creative_visual=woman_1&creative_cta=Compare+my+rate,utm_source=facebook&utm_medium=paid&utm_campaign={{campaign.name}}&utm_content={{ad.name}}&utm_term={{adset.name}}&ad_id={{ad.id}}&adset_id={{adset.id}}&campaign_id={{campaign.id}},Current code: 2026-09-18-trade-v5; historical versions differ,hvac__coi__{step|long}__v1 (layout assigned at visit),hvac__coi__woman_1__cta2__r2,images/3d5583732796befe.jpg,1830761434583843,0,0,0,,,,0,0,0,0,,,,HVAC,2026-09-13 to 2026-09-18,0.0,0.0,No delivery through Sep18,"O: observed session IDs, not verified people; C: reconciled completed intakes, including returns; V: form versions changed Sep18",AD,CT People r2 | hvac__coi,CT Themes 20260913 | hvac,0,,,False,0.0,0,https://www.cohesiveinsure.com/marketing-review/20260919/deep-scan/images/3d5583732796befe.jpg,[],[],{}
120251082529480660,CT People r2 | hvac__coi__woman_2__cta1__r2,120251080550890660,120251082527830660,ACTIVE,CAMPAIGN_PAUSED,2026-09-13T02:02:47-0400,2026-09-13T12:50:12-0400,static image,HVAC contractor insurance,"HVAC contractors: your customer needs a COI. Start with an insurance quote for the work you do.

Get my quote.",,GET_QUOTE,https://www.cohesiveinsure.com/contractor-test?industry=hvac&angle=coi&creative_variant=hvac__coi__woman_2__cta1__r2&creative_angle=coi&creative_visual=woman_2&creative_cta=Get+my+quote,utm_source=facebook&utm_medium=paid&utm_campaign={{campaign.name}}&utm_content={{ad.name}}&utm_term={{adset.name}}&ad_id={{ad.id}}&adset_id={{adset.id}}&campaign_id={{campaign.id}},Current code: 2026-09-18-trade-v5; historical versions differ,hvac__coi__{step|long}__v1 (layout assigned at visit),hvac__coi__woman_2__cta1__r2,images/08cdb1965947890c.jpg,1067289035918116,0,0,0,,,,0,0,0,0,,,,HVAC,2026-09-13 to 2026-09-18,0.0,0.0,No delivery through Sep18,"O: observed session IDs, not verified people; C: reconciled completed intakes, including returns; V: form versions changed Sep18",AD,CT People r2 | hvac__coi,CT Themes 20260913 | hvac,0,,,False,0.0,0,https://www.cohesiveinsure.com/marketing-review/20260919/deep-scan/images/08cdb1965947890c.jpg,[],[],{}
120251082530440660,CT People r2 | hvac__coi__woman_2__cta2__r2,120251080550890660,120251082527830660,ACTIVE,CAMPAIGN_PAUSED,2026-09-13T02:02:53-0400,2026-09-13T12:50:10-0400,static image,HVAC contractor insurance,"HVAC contractors: your customer needs a COI. Start with an insurance quote for the work you do.

Compare my rate.",,GET_QUOTE,https://www.cohesiveinsure.com/contractor-test?industry=hvac&angle=coi&creative_variant=hvac__coi__woman_2__cta2__r2&creative_angle=coi&creative_visual=woman_2&creative_cta=Compare+my+rate,utm_source=facebook&utm_medium=paid&utm_campaign={{campaign.name}}&utm_content={{ad.name}}&utm_term={{adset.name}}&ad_id={{ad.id}}&adset_id={{adset.id}}&campaign_id={{campaign.id}},Current code: 2026-09-18-trade-v5; historical versions differ,hvac__coi__{step|long}__v1 (layout assigned at visit),hvac__coi__woman_2__cta2__r2,images/4660644bc3e8879a.jpg,1079358221470237,0,0,0,,,,0,0,0,0,,,,HVAC,2026-09-13 to 2026-09-18,0.0,0.0,No delivery through Sep18,"O: observed session IDs, not verified people; C: reconciled completed intakes, including returns; V: form versions changed Sep18",AD,CT People r2 | hvac__coi,CT Themes 20260913 | hvac,0,,,False,0.0,0,https://www.cohesiveinsure.com/marketing-review/20260919/deep-scan/images/4660644bc3e8879a.jpg,[],[],{}
120251082534440660,CT People r2 | hvac__savings__man_or_crew_1__cta1__r2,120251080550890660,120251082532120660,ACTIVE,CAMPAIGN_PAUSED,2026-09-13T02:03:25-0400,2026-09-13T12:50:11-0400,static image,HVAC contractor insurance,"HVAC contractors: why not try to save money on your business insurance? Get a quote and compare your current rate.

Get my quote.",,GET_QUOTE,https://www.cohesiveinsure.com/contractor-test?industry=hvac&angle=coi&creative_variant=hvac__savings__man_or_crew_1__cta1__r2&creative_angle=savings&creative_visual=man_or_crew_1&creative_cta=Get+my+quote,utm_source=facebook&utm_medium=paid&utm_campaign={{campaign.name}}&utm_content={{ad.name}}&utm_term={{adset.name}}&ad_id={{ad.id}}&adset_id={{adset.id}}&campaign_id={{campaign.id}},Current code: 2026-09-18-trade-v5; historical versions differ,hvac__coi__{step|long}__v1 (layout assigned at visit),hvac__savings__man_or_crew_1__cta1__r2,images/c4eee4c4c40cb6a7.jpg,2228495191216655,22.16,337,2,65.76,0.593,11.08,0,0,0,2,,,,HVAC,2026-09-13 to 2026-09-18,2.98,92.84,Delivery without confirmed completion,"O: observed session IDs, not verified people; C: reconciled completed intakes, including returns; V: form versions changed Sep18",AD,CT People r2 | hvac__savings,CT Themes 20260913 | hvac,6,2026-09-13,2026-09-18,True,0.52,5,https://www.cohesiveinsure.com/marketing-review/20260919/deep-scan/images/c4eee4c4c40cb6a7.jpg,"[{""action_type"": ""link_click"", ""value"": ""2""}, {""action_type"": ""landing_page_view"", ""value"": ""2""}, {""action_type"": ""omni_landing_page_view"", ""value"": ""2""}, {""action_type"": ""post_engagement"", ""value"": ""2""}, {""action_type"": ""page_engagement"", ""value"": ""2""}]",[],{}
120251082536540660,CT People r2 | hvac__savings__man_or_crew_2__cta2__r2,120251080550890660,120251082532120660,ACTIVE,CAMPAIGN_PAUSED,2026-09-13T02:03:44-0400,2026-09-13T12:50:12-0400,static image,HVAC contractor insurance,"HVAC contractors: why not try to save money on your business insurance? Get a quote and compare your current rate.

Compare my rate.",,GET_QUOTE,https://www.cohesiveinsure.com/contractor-test?industry=hvac&angle=coi&creative_variant=hvac__savings__man_or_crew_2__cta2__r2&creative_angle=savings&creative_visual=man_or_crew_2&creative_cta=Compare+my+rate,utm_source=facebook&utm_medium=paid&utm_campaign={{campaign.name}}&utm_content={{ad.name}}&utm_term={{adset.name}}&ad_id={{ad.id}}&adset_id={{adset.id}}&campaign_id={{campaign.id}},Current code: 2026-09-18-trade-v5; historical versions differ,hvac__coi__{step|long}__v1 (layout assigned at visit),hvac__savings__man_or_crew_2__cta2__r2,images/ecf927819d2db394.jpg,1087605193997579,0.66,17,0,38.82,0.0,,0,0,0,0,,,,HVAC,2026-09-13 to 2026-09-18,0.09,2.76,Delivery without confirmed completion,"O: observed session IDs, not verified people; C: reconciled completed intakes, including returns; V: form versions changed Sep18",AD,CT People r2 | hvac__savings,CT Themes 20260913 | hvac,3,2026-09-13,2026-09-18,True,0.0,0,https://www.cohesiveinsure.com/marketing-review/20260919/deep-scan/images/ecf927819d2db394.jpg,[],[],{}
120251082532780660,CT People r2 | hvac__savings__woman_2__cta1__r2,120251080550890660,120251082532120660,ACTIVE,CAMPAIGN_PAUSED,2026-09-13T02:03:12-0400,2026-09-13T12:50:10-0400,static image,HVAC contractor insurance,"HVAC contractors: why not try to save money on your business insurance? Get a quote and compare your current rate.

Get my quote.",,GET_QUOTE,https://www.cohesiveinsure.com/contractor-test?industry=hvac&angle=coi&creative_variant=hvac__savings__woman_2__cta1__r2&creative_angle=savings&creative_visual=woman_2&creative_cta=Get+my+quote,utm_source=facebook&utm_medium=paid&utm_campaign={{campaign.name}}&utm_content={{ad.name}}&utm_term={{adset.name}}&ad_id={{ad.id}}&adset_id={{adset.id}}&campaign_id={{campaign.id}},Current code: 2026-09-18-trade-v5; historical versions differ,hvac__coi__{step|long}__v1 (layout assigned at visit),hvac__savings__woman_2__cta1__r2,images/1bd396dd1b862cf9.jpg,2326974191455665,0.45,6,0,75.0,0.0,,0,0,0,0,,,,HVAC,2026-09-13 to 2026-09-18,0.06,1.89,Delivery without confirmed completion,"O: observed session IDs, not verified people; C: reconciled completed intakes, including returns; V: form versions changed Sep18",AD,CT People r2 | hvac__savings,CT Themes 20260913 | hvac,2,2026-09-13,2026-09-17,True,0.0,0,https://www.cohesiveinsure.com/marketing-review/20260919/deep-scan/images/1bd396dd1b862cf9.jpg,[],[],{}
120251082535210660,CT People r2 | hvac__savings__man_or_crew_1__cta2__r2,120251080550890660,120251082532120660,ACTIVE,CAMPAIGN_PAUSED,2026-09-13T02:03:32-0400,2026-09-13T12:50:12-0400,static image,HVAC contractor insurance,"HVAC contractors: why not try to save money on your business insurance? Get a quote and compare your current rate.

Compare my rate.",,GET_QUOTE,https://www.cohesiveinsure.com/contractor-test?industry=hvac&angle=coi&creative_variant=hvac__savings__man_or_crew_1__cta2__r2&creative_angle=savings&creative_visual=man_or_crew_1&creative_cta=Compare+my+rate,utm_source=facebook&utm_medium=paid&utm_campaign={{campaign.name}}&utm_content={{ad.name}}&utm_term={{adset.name}}&ad_id={{ad.id}}&adset_id={{adset.id}}&campaign_id={{campaign.id}},Current code: 2026-09-18-trade-v5; historical versions differ,hvac__coi__{step|long}__v1 (layout assigned at visit),hvac__savings__man_or_crew_1__cta2__r2,images/cb19376d3b300fcc.jpg,1981600579219320,0.32,12,0,26.67,0.0,,0,0,0,0,,,,HVAC,2026-09-13 to 2026-09-18,0.04,1.34,Delivery without confirmed completion,"O: observed session IDs, not verified people; C: reconciled completed intakes, including returns; V: form versions changed Sep18",AD,CT People r2 | hvac__savings,CT Themes 20260913 | hvac,4,2026-09-13,2026-09-17,True,0.0,0,https://www.cohesiveinsure.com/marketing-review/20260919/deep-scan/images/cb19376d3b300fcc.jpg,[],[],{}
120251082533740660,CT People r2 | hvac__savings__woman_2__cta2__r2,120251080550890660,120251082532120660,ACTIVE,CAMPAIGN_PAUSED,2026-09-13T02:03:19-0400,2026-09-13T12:50:11-0400,static image,HVAC contractor insurance,"HVAC contractors: why not try to save money on your business insurance? Get a quote and compare your current rate.

Compare my rate.",,GET_QUOTE,https://www.cohesiveinsure.com/contractor-test?industry=hvac&angle=coi&creative_variant=hvac__savings__woman_2__cta2__r2&creative_angle=savings&creative_visual=woman_2&creative_cta=Compare+my+rate,utm_source=facebook&utm_medium=paid&utm_campaign={{campaign.name}}&utm_content={{ad.name}}&utm_term={{adset.name}}&ad_id={{ad.id}}&adset_id={{adset.id}}&campaign_id={{campaign.id}},Current code: 2026-09-18-trade-v5; historical versions differ,hvac__coi__{step|long}__v1 (layout assigned at visit),hvac__savings__woman_2__cta2__r2,images/280f70a65486aff4.jpg,1423995959691618,0.27,2,0,135.0,0.0,,0,0,0,0,,,,HVAC,2026-09-13 to 2026-09-18,0.04,1.13,Delivery without confirmed completion,"O: observed session IDs, not verified people; C: reconciled completed intakes, including returns; V: form versions changed Sep18",AD,CT People r2 | hvac__savings,CT Themes 20260913 | hvac,1,2026-09-13,2026-09-13,True,0.0,0,https://www.cohesiveinsure.com/marketing-review/20260919/deep-scan/images/280f70a65486aff4.jpg,[],[],{}
120251082536120660,CT People r2 | hvac__savings__man_or_crew_2__cta1__r2,120251080550890660,120251082532120660,ACTIVE,CAMPAIGN_PAUSED,2026-09-13T02:03:39-0400,2026-09-13T12:50:10-0400,static image,HVAC contractor insurance,"HVAC contractors: why not try to save money on your business insurance? Get a quote and compare your current rate.

Get my quote.",,GET_QUOTE,https://www.cohesiveinsure.com/contractor-test?industry=hvac&angle=coi&creative_variant=hvac__savings__man_or_crew_2__cta1__r2&creative_angle=savings&creative_visual=man_or_crew_2&creative_cta=Get+my+quote,utm_source=facebook&utm_medium=paid&utm_campaign={{campaign.name}}&utm_content={{ad.name}}&utm_term={{adset.name}}&ad_id={{ad.id}}&adset_id={{adset.id}}&campaign_id={{campaign.id}},Current code: 2026-09-18-trade-v5; historical versions differ,hvac__coi__{step|long}__v1 (layout assigned at visit),hvac__savings__man_or_crew_2__cta1__r2,images/b0a77f089f804b26.jpg,2037151786919072,0.01,1,0,10.0,0.0,,0,0,0,0,,,,HVAC,2026-09-13 to 2026-09-18,0.0,0.04,Delivery without confirmed completion,"O: observed session IDs, not verified people; C: reconciled completed intakes, including returns; V: form versions changed Sep18",AD,CT People r2 | hvac__savings,CT Themes 20260913 | hvac,1,2026-09-18,2026-09-18,True,0.0,0,https://www.cohesiveinsure.com/marketing-review/20260919/deep-scan/images/b0a77f089f804b26.jpg,[],[],{}
