level,id,name,campaign_id,status,effective_status,targeting,optimization_goal,promoted_object,learning_stage_info,created_time,start_time,attribution_spec,spend,impressions,link_clicks,CPM,link_CTR_pct,link_CPC,completed_saved,new_acquisitions,observed_starts,observed_sessions,CPL_saved,CPL_new,cost_per_observed_start,measurement_flags
AD SET,120251082319000660,CT People r2 | remodel__savings,120251080550020660,ACTIVE,ACTIVE,"{""age_max"": 65, ""age_min"": 18, ""geo_locations"": {""regions"": [{""key"": ""3843"", ""name"": ""Alabama"", ""country"": ""US""}, {""key"": ""3844"", ""name"": ""Alaska"", ""country"": ""US""}, {""key"": ""3845"", ""name"": ""Arizona"", ""country"": ""US""}, {""key"": ""3846"", ""name"": ""Arkansas"", ""country"": ""US""}, {""key"": ""3848"", ""name"": ""Colorado"", ""country"": ""US""}, {""key"": ""3849"", ""name"": ""Connecticut"", ""country"": ""US""}, {""key"": ""3850"", ""name"": ""Delaware"", ""country"": ""US""}, {""key"": ""3853"", ""name"": ""Georgia"", ""country"": ""US""}, {""key"": ""3854"", ""name"": ""Hawaii"", ""country"": ""US""}, {""key"": ""3855"", ""name"": ""Idaho"", ""country"": ""US""}, {""key"": ""3856"", ""name"": ""Illinois"", ""country"": ""US""}, {""key"": ""3857"", ""name"": ""Indiana"", ""country"": ""US""}, {""key"": ""3858"", ""name"": ""Iowa"", ""country"": ""US""}, {""key"": ""3859"", ""name"": ""Kansas"", ""country"": ""US""}, {""key"": ""3860"", ""name"": ""Kentucky"", ""country"": ""US""}, {""key"": ""3861"", ""name"": ""Louisiana"", ""country"": ""US""}, {""key"": ""3862"", ""name"": ""Maine"", ""country"": ""US""}, {""key"": ""3863"", ""name"": ""Maryland"", ""country"": ""US""}, {""key"": ""3864"", ""name"": ""Massachusetts"", ""country"": ""US""}, {""key"": ""3866"", ""name"": ""Minnesota"", ""country"": ""US""}, {""key"": ""3867"", ""name"": ""Mississippi"", ""country"": ""US""}, {""key"": ""3868"", ""name"": ""Missouri"", ""country"": ""US""}, {""key"": ""3869"", ""name"": ""Montana"", ""country"": ""US""}, {""key"": ""3870"", ""name"": ""Nebraska"", ""country"": ""US""}, {""key"": ""3871"", ""name"": ""Nevada"", ""country"": ""US""}, {""key"": ""3872"", ""name"": ""New Hampshire"", ""country"": ""US""}, {""key"": ""3873"", ""name"": ""New Jersey"", ""country"": ""US""}, {""key"": ""3874"", ""name"": ""New Mexico"", ""country"": ""US""}, {""key"": ""3876"", ""name"": ""North Carolina"", ""country"": ""US""}, {""key"": ""3877"", ""name"": ""North Dakota"", ""country"": ""US""}, {""key"": ""3878"", ""name"": ""Ohio"", ""country"": ""US""}, {""key"": ""3879"", ""name"": ""Oklahoma"", ""country"": ""US""}, {""key"": ""3880"", ""name"": ""Oregon"", ""country"": ""US""}, {""key"": ""3881"", ""name"": ""Pennsylvania"", ""country"": ""US""}, {""key"": ""3882"", ""name"": ""Rhode Island"", ""country"": ""US""}, {""key"": ""3883"", ""name"": ""South Carolina"", ""country"": ""US""}, {""key"": ""3884"", ""name"": ""South Dakota"", ""country"": ""US""}, {""key"": ""3885"", ""name"": ""Tennessee"", ""country"": ""US""}, {""key"": ""3886"", ""name"": ""Texas"", ""country"": ""US""}, {""key"": ""3887"", ""name"": ""Utah"", ""country"": ""US""}, {""key"": ""3888"", ""name"": ""Vermont"", ""country"": ""US""}, {""key"": ""3889"", ""name"": ""Virginia"", ""country"": ""US""}, {""key"": ""3891"", ""name"": ""West Virginia"", ""country"": ""US""}, {""key"": ""3892"", ""name"": ""Wisconsin"", ""country"": ""US""}, {""key"": ""3893"", ""name"": ""Wyoming"", ""country"": ""US""}], ""location_types"": [""frequently_in"", ""home""]}, ""targeting_automation"": {""advantage_audience"": 1}, ""publisher_platforms"": [""facebook"", ""instagram""], ""facebook_positions"": [""feed""], ""instagram_positions"": [""stream""]}",OFFSITE_CONVERSIONS,"{""pixel_id"": ""831179966599677"", ""custom_event_type"": ""LEAD"", ""smart_pse_enabled"": false}","{""attribution_windows"": [""1d_click""], ""conversions"": 0, ""last_sig_edit_ts"": 1789315747, ""status"": ""LEARNING""}",2026-09-13T01:32:28-0400,2026-09-13T01:32:28-0400,"[{""event_type"": ""CLICK_THROUGH"", ""window_days"": 1}]",4.66,22,0,211.82,0.0,,0,0,0,0,,,,"O: observed session IDs, not verified people; C: reconciled completed intakes, including returns; V: form versions changed Sep18"
AD SET,120251082310920660,CT People r2 | remodel__coi,120251080550020660,ACTIVE,ACTIVE,"{""age_max"": 65, ""age_min"": 18, ""geo_locations"": {""regions"": [{""key"": ""3843"", ""name"": ""Alabama"", ""country"": ""US""}, {""key"": ""3844"", ""name"": ""Alaska"", ""country"": ""US""}, {""key"": ""3845"", ""name"": ""Arizona"", ""country"": ""US""}, {""key"": ""3846"", ""name"": ""Arkansas"", ""country"": ""US""}, {""key"": ""3848"", ""name"": ""Colorado"", ""country"": ""US""}, {""key"": ""3849"", ""name"": ""Connecticut"", ""country"": ""US""}, {""key"": ""3850"", ""name"": ""Delaware"", ""country"": ""US""}, {""key"": ""3853"", ""name"": ""Georgia"", ""country"": ""US""}, {""key"": ""3854"", ""name"": ""Hawaii"", ""country"": ""US""}, {""key"": ""3855"", ""name"": ""Idaho"", ""country"": ""US""}, {""key"": ""3856"", ""name"": ""Illinois"", ""country"": ""US""}, {""key"": ""3857"", ""name"": ""Indiana"", ""country"": ""US""}, {""key"": ""3858"", ""name"": ""Iowa"", ""country"": ""US""}, {""key"": ""3859"", ""name"": ""Kansas"", ""country"": ""US""}, {""key"": ""3860"", ""name"": ""Kentucky"", ""country"": ""US""}, {""key"": ""3861"", ""name"": ""Louisiana"", ""country"": ""US""}, {""key"": ""3862"", ""name"": ""Maine"", ""country"": ""US""}, {""key"": ""3863"", ""name"": ""Maryland"", ""country"": ""US""}, {""key"": ""3864"", ""name"": ""Massachusetts"", ""country"": ""US""}, {""key"": ""3866"", ""name"": ""Minnesota"", ""country"": ""US""}, {""key"": ""3867"", ""name"": ""Mississippi"", ""country"": ""US""}, {""key"": ""3868"", ""name"": ""Missouri"", ""country"": ""US""}, {""key"": ""3869"", ""name"": ""Montana"", ""country"": ""US""}, {""key"": ""3870"", ""name"": ""Nebraska"", ""country"": ""US""}, {""key"": ""3871"", ""name"": ""Nevada"", ""country"": ""US""}, {""key"": ""3872"", ""name"": ""New Hampshire"", ""country"": ""US""}, {""key"": ""3873"", ""name"": ""New Jersey"", ""country"": ""US""}, {""key"": ""3874"", ""name"": ""New Mexico"", ""country"": ""US""}, {""key"": ""3876"", ""name"": ""North Carolina"", ""country"": ""US""}, {""key"": ""3877"", ""name"": ""North Dakota"", ""country"": ""US""}, {""key"": ""3878"", ""name"": ""Ohio"", ""country"": ""US""}, {""key"": ""3879"", ""name"": ""Oklahoma"", ""country"": ""US""}, {""key"": ""3880"", ""name"": ""Oregon"", ""country"": ""US""}, {""key"": ""3881"", ""name"": ""Pennsylvania"", ""country"": ""US""}, {""key"": ""3882"", ""name"": ""Rhode Island"", ""country"": ""US""}, {""key"": ""3883"", ""name"": ""South Carolina"", ""country"": ""US""}, {""key"": ""3884"", ""name"": ""South Dakota"", ""country"": ""US""}, {""key"": ""3885"", ""name"": ""Tennessee"", ""country"": ""US""}, {""key"": ""3886"", ""name"": ""Texas"", ""country"": ""US""}, {""key"": ""3887"", ""name"": ""Utah"", ""country"": ""US""}, {""key"": ""3888"", ""name"": ""Vermont"", ""country"": ""US""}, {""key"": ""3889"", ""name"": ""Virginia"", ""country"": ""US""}, {""key"": ""3891"", ""name"": ""West Virginia"", ""country"": ""US""}, {""key"": ""3892"", ""name"": ""Wisconsin"", ""country"": ""US""}, {""key"": ""3893"", ""name"": ""Wyoming"", ""country"": ""US""}], ""location_types"": [""frequently_in"", ""home""]}, ""targeting_automation"": {""advantage_audience"": 1}, ""publisher_platforms"": [""facebook"", ""instagram""], ""facebook_positions"": [""feed""], ""instagram_positions"": [""stream""]}",OFFSITE_CONVERSIONS,"{""pixel_id"": ""831179966599677"", ""custom_event_type"": ""LEAD"", ""smart_pse_enabled"": false}","{""attribution_windows"": [""1d_click""], ""conversions"": 0, ""last_sig_edit_ts"": 1789315742, ""status"": ""LEARNING""}",2026-09-13T01:31:49-0400,2026-09-13T01:31:49-0400,"[{""event_type"": ""CLICK_THROUGH"", ""window_days"": 1}]",2.48,6,0,413.33,0.0,,0,0,0,0,,,,"O: observed session IDs, not verified people; C: reconciled completed intakes, including returns; V: form versions changed Sep18"
AD SET,120251082303040660,CT People r2 | remodel__work,120251080550020660,ACTIVE,ACTIVE,"{""age_max"": 65, ""age_min"": 18, ""geo_locations"": {""regions"": [{""key"": ""3843"", ""name"": ""Alabama"", ""country"": ""US""}, {""key"": ""3844"", ""name"": ""Alaska"", ""country"": ""US""}, {""key"": ""3845"", ""name"": ""Arizona"", ""country"": ""US""}, {""key"": ""3846"", ""name"": ""Arkansas"", ""country"": ""US""}, {""key"": ""3848"", ""name"": ""Colorado"", ""country"": ""US""}, {""key"": ""3849"", ""name"": ""Connecticut"", ""country"": ""US""}, {""key"": ""3850"", ""name"": ""Delaware"", ""country"": ""US""}, {""key"": ""3853"", ""name"": ""Georgia"", ""country"": ""US""}, {""key"": ""3854"", ""name"": ""Hawaii"", ""country"": ""US""}, {""key"": ""3855"", ""name"": ""Idaho"", ""country"": ""US""}, {""key"": ""3856"", ""name"": ""Illinois"", ""country"": ""US""}, {""key"": ""3857"", ""name"": ""Indiana"", ""country"": ""US""}, {""key"": ""3858"", ""name"": ""Iowa"", ""country"": ""US""}, {""key"": ""3859"", ""name"": ""Kansas"", ""country"": ""US""}, {""key"": ""3860"", ""name"": ""Kentucky"", ""country"": ""US""}, {""key"": ""3861"", ""name"": ""Louisiana"", ""country"": ""US""}, {""key"": ""3862"", ""name"": ""Maine"", ""country"": ""US""}, {""key"": ""3863"", ""name"": ""Maryland"", ""country"": ""US""}, {""key"": ""3864"", ""name"": ""Massachusetts"", ""country"": ""US""}, {""key"": ""3866"", ""name"": ""Minnesota"", ""country"": ""US""}, {""key"": ""3867"", ""name"": ""Mississippi"", ""country"": ""US""}, {""key"": ""3868"", ""name"": ""Missouri"", ""country"": ""US""}, {""key"": ""3869"", ""name"": ""Montana"", ""country"": ""US""}, {""key"": ""3870"", ""name"": ""Nebraska"", ""country"": ""US""}, {""key"": ""3871"", ""name"": ""Nevada"", ""country"": ""US""}, {""key"": ""3872"", ""name"": ""New Hampshire"", ""country"": ""US""}, {""key"": ""3873"", ""name"": ""New Jersey"", ""country"": ""US""}, {""key"": ""3874"", ""name"": ""New Mexico"", ""country"": ""US""}, {""key"": ""3876"", ""name"": ""North Carolina"", ""country"": ""US""}, {""key"": ""3877"", ""name"": ""North Dakota"", ""country"": ""US""}, {""key"": ""3878"", ""name"": ""Ohio"", ""country"": ""US""}, {""key"": ""3879"", ""name"": ""Oklahoma"", ""country"": ""US""}, {""key"": ""3880"", ""name"": ""Oregon"", ""country"": ""US""}, {""key"": ""3881"", ""name"": ""Pennsylvania"", ""country"": ""US""}, {""key"": ""3882"", ""name"": ""Rhode Island"", ""country"": ""US""}, {""key"": ""3883"", ""name"": ""South Carolina"", ""country"": ""US""}, {""key"": ""3884"", ""name"": ""South Dakota"", ""country"": ""US""}, {""key"": ""3885"", ""name"": ""Tennessee"", ""country"": ""US""}, {""key"": ""3886"", ""name"": ""Texas"", ""country"": ""US""}, {""key"": ""3887"", ""name"": ""Utah"", ""country"": ""US""}, {""key"": ""3888"", ""name"": ""Vermont"", ""country"": ""US""}, {""key"": ""3889"", ""name"": ""Virginia"", ""country"": ""US""}, {""key"": ""3891"", ""name"": ""West Virginia"", ""country"": ""US""}, {""key"": ""3892"", ""name"": ""Wisconsin"", ""country"": ""US""}, {""key"": ""3893"", ""name"": ""Wyoming"", ""country"": ""US""}], ""location_types"": [""frequently_in"", ""home""]}, ""targeting_automation"": {""advantage_audience"": 1}, ""publisher_platforms"": [""facebook"", ""instagram""], ""facebook_positions"": [""feed""], ""instagram_positions"": [""stream""]}",OFFSITE_CONVERSIONS,"{""pixel_id"": ""831179966599677"", ""custom_event_type"": ""LEAD"", ""smart_pse_enabled"": false}","{""attribution_windows"": [""1d_click""], ""conversions"": 0, ""last_sig_edit_ts"": 1789314519, ""status"": ""LEARNING""}",2026-09-13T01:31:08-0400,2026-09-13T01:31:09-0400,"[{""event_type"": ""CLICK_THROUGH"", ""window_days"": 1}]",3.08,5,0,616.0,0.0,,0,0,0,0,,,,"O: observed session IDs, not verified people; C: reconciled completed intakes, including returns; V: form versions changed Sep18"
AD SET,120251082298490660,CT People r2 | remodel__monthly,120251080550020660,ACTIVE,ACTIVE,"{""age_max"": 65, ""age_min"": 18, ""geo_locations"": {""regions"": [{""key"": ""3843"", ""name"": ""Alabama"", ""country"": ""US""}, {""key"": ""3844"", ""name"": ""Alaska"", ""country"": ""US""}, {""key"": ""3845"", ""name"": ""Arizona"", ""country"": ""US""}, {""key"": ""3846"", ""name"": ""Arkansas"", ""country"": ""US""}, {""key"": ""3848"", ""name"": ""Colorado"", ""country"": ""US""}, {""key"": ""3849"", ""name"": ""Connecticut"", ""country"": ""US""}, {""key"": ""3850"", ""name"": ""Delaware"", ""country"": ""US""}, {""key"": ""3853"", ""name"": ""Georgia"", ""country"": ""US""}, {""key"": ""3854"", ""name"": ""Hawaii"", ""country"": ""US""}, {""key"": ""3855"", ""name"": ""Idaho"", ""country"": ""US""}, {""key"": ""3856"", ""name"": ""Illinois"", ""country"": ""US""}, {""key"": ""3857"", ""name"": ""Indiana"", ""country"": ""US""}, {""key"": ""3858"", ""name"": ""Iowa"", ""country"": ""US""}, {""key"": ""3859"", ""name"": ""Kansas"", ""country"": ""US""}, {""key"": ""3860"", ""name"": ""Kentucky"", ""country"": ""US""}, {""key"": ""3861"", ""name"": ""Louisiana"", ""country"": ""US""}, {""key"": ""3862"", ""name"": ""Maine"", ""country"": ""US""}, {""key"": ""3863"", ""name"": ""Maryland"", ""country"": ""US""}, {""key"": ""3864"", ""name"": ""Massachusetts"", ""country"": ""US""}, {""key"": ""3866"", ""name"": ""Minnesota"", ""country"": ""US""}, {""key"": ""3867"", ""name"": ""Mississippi"", ""country"": ""US""}, {""key"": ""3868"", ""name"": ""Missouri"", ""country"": ""US""}, {""key"": ""3869"", ""name"": ""Montana"", ""country"": ""US""}, {""key"": ""3870"", ""name"": ""Nebraska"", ""country"": ""US""}, {""key"": ""3871"", ""name"": ""Nevada"", ""country"": ""US""}, {""key"": ""3872"", ""name"": ""New Hampshire"", ""country"": ""US""}, {""key"": ""3873"", ""name"": ""New Jersey"", ""country"": ""US""}, {""key"": ""3874"", ""name"": ""New Mexico"", ""country"": ""US""}, {""key"": ""3876"", ""name"": ""North Carolina"", ""country"": ""US""}, {""key"": ""3877"", ""name"": ""North Dakota"", ""country"": ""US""}, {""key"": ""3878"", ""name"": ""Ohio"", ""country"": ""US""}, {""key"": ""3879"", ""name"": ""Oklahoma"", ""country"": ""US""}, {""key"": ""3880"", ""name"": ""Oregon"", ""country"": ""US""}, {""key"": ""3881"", ""name"": ""Pennsylvania"", ""country"": ""US""}, {""key"": ""3882"", ""name"": ""Rhode Island"", ""country"": ""US""}, {""key"": ""3883"", ""name"": ""South Carolina"", ""country"": ""US""}, {""key"": ""3884"", ""name"": ""South Dakota"", ""country"": ""US""}, {""key"": ""3885"", ""name"": ""Tennessee"", ""country"": ""US""}, {""key"": ""3886"", ""name"": ""Texas"", ""country"": ""US""}, {""key"": ""3887"", ""name"": ""Utah"", ""country"": ""US""}, {""key"": ""3888"", ""name"": ""Vermont"", ""country"": ""US""}, {""key"": ""3889"", ""name"": ""Virginia"", ""country"": ""US""}, {""key"": ""3891"", ""name"": ""West Virginia"", ""country"": ""US""}, {""key"": ""3892"", ""name"": ""Wisconsin"", ""country"": ""US""}, {""key"": ""3893"", ""name"": ""Wyoming"", ""country"": ""US""}], ""location_types"": [""frequently_in"", ""home""]}, ""targeting_automation"": {""advantage_audience"": 1}, ""publisher_platforms"": [""facebook"", ""instagram""], ""facebook_positions"": [""feed""], ""instagram_positions"": [""stream""]}",OFFSITE_CONVERSIONS,"{""pixel_id"": ""831179966599677"", ""custom_event_type"": ""LEAD"", ""smart_pse_enabled"": false}","{""attribution_windows"": [""1d_click""], ""conversions"": 1, ""last_sig_edit_ts"": 1789314111, ""status"": ""LEARNING""}",2026-09-13T01:30:29-0400,2026-09-13T01:30:29-0400,"[{""event_type"": ""CLICK_THROUGH"", ""window_days"": 1}]",177.19,1051,7,168.59,0.666,25.31,3,3,3,7,59.06,59.06,59.06,"O: observed session IDs, not verified people; C: reconciled completed intakes, including returns; V: form versions changed Sep18"
AD SET,120251081775030660,CT Themes 20260913 | remodel__user_video,120251080550020660,ACTIVE,ACTIVE,"{""age_max"": 65, ""age_min"": 18, ""geo_locations"": {""regions"": [{""key"": ""3843"", ""name"": ""Alabama"", ""country"": ""US""}, {""key"": ""3844"", ""name"": ""Alaska"", ""country"": ""US""}, {""key"": ""3845"", ""name"": ""Arizona"", ""country"": ""US""}, {""key"": ""3846"", ""name"": ""Arkansas"", ""country"": ""US""}, {""key"": ""3848"", ""name"": ""Colorado"", ""country"": ""US""}, {""key"": ""3849"", ""name"": ""Connecticut"", ""country"": ""US""}, {""key"": ""3850"", ""name"": ""Delaware"", ""country"": ""US""}, {""key"": ""3853"", ""name"": ""Georgia"", ""country"": ""US""}, {""key"": ""3854"", ""name"": ""Hawaii"", ""country"": ""US""}, {""key"": ""3855"", ""name"": ""Idaho"", ""country"": ""US""}, {""key"": ""3856"", ""name"": ""Illinois"", ""country"": ""US""}, {""key"": ""3857"", ""name"": ""Indiana"", ""country"": ""US""}, {""key"": ""3858"", ""name"": ""Iowa"", ""country"": ""US""}, {""key"": ""3859"", ""name"": ""Kansas"", ""country"": ""US""}, {""key"": ""3860"", ""name"": ""Kentucky"", ""country"": ""US""}, {""key"": ""3861"", ""name"": ""Louisiana"", ""country"": ""US""}, {""key"": ""3862"", ""name"": ""Maine"", ""country"": ""US""}, {""key"": ""3863"", ""name"": ""Maryland"", ""country"": ""US""}, {""key"": ""3864"", ""name"": ""Massachusetts"", ""country"": ""US""}, {""key"": ""3866"", ""name"": ""Minnesota"", ""country"": ""US""}, {""key"": ""3867"", ""name"": ""Mississippi"", ""country"": ""US""}, {""key"": ""3868"", ""name"": ""Missouri"", ""country"": ""US""}, {""key"": ""3869"", ""name"": ""Montana"", ""country"": ""US""}, {""key"": ""3870"", ""name"": ""Nebraska"", ""country"": ""US""}, {""key"": ""3871"", ""name"": ""Nevada"", ""country"": ""US""}, {""key"": ""3872"", ""name"": ""New Hampshire"", ""country"": ""US""}, {""key"": ""3873"", ""name"": ""New Jersey"", ""country"": ""US""}, {""key"": ""3874"", ""name"": ""New Mexico"", ""country"": ""US""}, {""key"": ""3876"", ""name"": ""North Carolina"", ""country"": ""US""}, {""key"": ""3877"", ""name"": ""North Dakota"", ""country"": ""US""}, {""key"": ""3878"", ""name"": ""Ohio"", ""country"": ""US""}, {""key"": ""3879"", ""name"": ""Oklahoma"", ""country"": ""US""}, {""key"": ""3880"", ""name"": ""Oregon"", ""country"": ""US""}, {""key"": ""3881"", ""name"": ""Pennsylvania"", ""country"": ""US""}, {""key"": ""3882"", ""name"": ""Rhode Island"", ""country"": ""US""}, {""key"": ""3883"", ""name"": ""South Carolina"", ""country"": ""US""}, {""key"": ""3884"", ""name"": ""South Dakota"", ""country"": ""US""}, {""key"": ""3885"", ""name"": ""Tennessee"", ""country"": ""US""}, {""key"": ""3886"", ""name"": ""Texas"", ""country"": ""US""}, {""key"": ""3887"", ""name"": ""Utah"", ""country"": ""US""}, {""key"": ""3888"", ""name"": ""Vermont"", ""country"": ""US""}, {""key"": ""3889"", ""name"": ""Virginia"", ""country"": ""US""}, {""key"": ""3891"", ""name"": ""West Virginia"", ""country"": ""US""}, {""key"": ""3892"", ""name"": ""Wisconsin"", ""country"": ""US""}, {""key"": ""3893"", ""name"": ""Wyoming"", ""country"": ""US""}], ""location_types"": [""frequently_in"", ""home""]}, ""targeting_automation"": {""advantage_audience"": 1}, ""publisher_platforms"": [""facebook"", ""instagram""], ""facebook_positions"": [""feed""], ""instagram_positions"": [""stream""]}",OFFSITE_CONVERSIONS,"{""pixel_id"": ""831179966599677"", ""custom_event_type"": ""LEAD"", ""smart_pse_enabled"": false}","{""attribution_windows"": [""1d_click""], ""conversions"": 0, ""last_sig_edit_ts"": 1789555650, ""status"": ""LEARNING""}",2026-09-12T23:40:38-0400,2026-09-12T23:40:38-0400,"[{""event_type"": ""CLICK_THROUGH"", ""window_days"": 1}]",4.51,34,0,132.65,0.0,,0,0,0,0,,,,"O: observed session IDs, not verified people; C: reconciled completed intakes, including returns; V: form versions changed Sep18"
AD SET,120251080702080660,CT Themes 20260913 | remodel__quick,120251080550020660,PAUSED,PAUSED,"{""age_max"": 65, ""age_min"": 18, ""geo_locations"": {""regions"": [{""key"": ""3843"", ""name"": ""Alabama"", ""country"": ""US""}, {""key"": ""3844"", ""name"": ""Alaska"", ""country"": ""US""}, {""key"": ""3845"", ""name"": ""Arizona"", ""country"": ""US""}, {""key"": ""3846"", ""name"": ""Arkansas"", ""country"": ""US""}, {""key"": ""3848"", ""name"": ""Colorado"", ""country"": ""US""}, {""key"": ""3849"", ""name"": ""Connecticut"", ""country"": ""US""}, {""key"": ""3850"", ""name"": ""Delaware"", ""country"": ""US""}, {""key"": ""3853"", ""name"": ""Georgia"", ""country"": ""US""}, {""key"": ""3854"", ""name"": ""Hawaii"", ""country"": ""US""}, {""key"": ""3855"", ""name"": ""Idaho"", ""country"": ""US""}, {""key"": ""3856"", ""name"": ""Illinois"", ""country"": ""US""}, {""key"": ""3857"", ""name"": ""Indiana"", ""country"": ""US""}, {""key"": ""3858"", ""name"": ""Iowa"", ""country"": ""US""}, {""key"": ""3859"", ""name"": ""Kansas"", ""country"": ""US""}, {""key"": ""3860"", ""name"": ""Kentucky"", ""country"": ""US""}, {""key"": ""3861"", ""name"": ""Louisiana"", ""country"": ""US""}, {""key"": ""3862"", ""name"": ""Maine"", ""country"": ""US""}, {""key"": ""3863"", ""name"": ""Maryland"", ""country"": ""US""}, {""key"": ""3864"", ""name"": ""Massachusetts"", ""country"": ""US""}, {""key"": ""3866"", ""name"": ""Minnesota"", ""country"": ""US""}, {""key"": ""3867"", ""name"": ""Mississippi"", ""country"": ""US""}, {""key"": ""3868"", ""name"": ""Missouri"", ""country"": ""US""}, {""key"": ""3869"", ""name"": ""Montana"", ""country"": ""US""}, {""key"": ""3870"", ""name"": ""Nebraska"", ""country"": ""US""}, {""key"": ""3871"", ""name"": ""Nevada"", ""country"": ""US""}, {""key"": ""3872"", ""name"": ""New Hampshire"", ""country"": ""US""}, {""key"": ""3873"", ""name"": ""New Jersey"", ""country"": ""US""}, {""key"": ""3874"", ""name"": ""New Mexico"", ""country"": ""US""}, {""key"": ""3876"", ""name"": ""North Carolina"", ""country"": ""US""}, {""key"": ""3877"", ""name"": ""North Dakota"", ""country"": ""US""}, {""key"": ""3878"", ""name"": ""Ohio"", ""country"": ""US""}, {""key"": ""3879"", ""name"": ""Oklahoma"", ""country"": ""US""}, {""key"": ""3880"", ""name"": ""Oregon"", ""country"": ""US""}, {""key"": ""3881"", ""name"": ""Pennsylvania"", ""country"": ""US""}, {""key"": ""3882"", ""name"": ""Rhode Island"", ""country"": ""US""}, {""key"": ""3883"", ""name"": ""South Carolina"", ""country"": ""US""}, {""key"": ""3884"", ""name"": ""South Dakota"", ""country"": ""US""}, {""key"": ""3885"", ""name"": ""Tennessee"", ""country"": ""US""}, {""key"": ""3886"", ""name"": ""Texas"", ""country"": ""US""}, {""key"": ""3887"", ""name"": ""Utah"", ""country"": ""US""}, {""key"": ""3888"", ""name"": ""Vermont"", ""country"": ""US""}, {""key"": ""3889"", ""name"": ""Virginia"", ""country"": ""US""}, {""key"": ""3891"", ""name"": ""West Virginia"", ""country"": ""US""}, {""key"": ""3892"", ""name"": ""Wisconsin"", ""country"": ""US""}, {""key"": ""3893"", ""name"": ""Wyoming"", ""country"": ""US""}], ""location_types"": [""frequently_in"", ""home""]}, ""targeting_automation"": {""advantage_audience"": 1}, ""publisher_platforms"": [""facebook"", ""instagram""], ""facebook_positions"": [""feed""], ""instagram_positions"": [""stream""]}",OFFSITE_CONVERSIONS,"{""pixel_id"": ""831179966599677"", ""custom_event_type"": ""LEAD"", ""smart_pse_enabled"": false}","{""attribution_windows"": [""1d_click""]}",2026-09-12T22:22:11-0400,2026-09-12T22:22:11-0400,"[{""event_type"": ""CLICK_THROUGH"", ""window_days"": 1}]",0,0,0,,,,0,0,0,0,,,,"O: observed session IDs, not verified people; C: reconciled completed intakes, including returns; V: form versions changed Sep18"
AD SET,120251080701700660,CT Themes 20260913 | remodel__monthly,120251080550020660,PAUSED,PAUSED,"{""age_max"": 65, ""age_min"": 18, ""geo_locations"": {""regions"": [{""key"": ""3843"", ""name"": ""Alabama"", ""country"": ""US""}, {""key"": ""3844"", ""name"": ""Alaska"", ""country"": ""US""}, {""key"": ""3845"", ""name"": ""Arizona"", ""country"": ""US""}, {""key"": ""3846"", ""name"": ""Arkansas"", ""country"": ""US""}, {""key"": ""3848"", ""name"": ""Colorado"", ""country"": ""US""}, {""key"": ""3849"", ""name"": ""Connecticut"", ""country"": ""US""}, {""key"": ""3850"", ""name"": ""Delaware"", ""country"": ""US""}, {""key"": ""3853"", ""name"": ""Georgia"", ""country"": ""US""}, {""key"": ""3854"", ""name"": ""Hawaii"", ""country"": ""US""}, {""key"": ""3855"", ""name"": ""Idaho"", ""country"": ""US""}, {""key"": ""3856"", ""name"": ""Illinois"", ""country"": ""US""}, {""key"": ""3857"", ""name"": ""Indiana"", ""country"": ""US""}, {""key"": ""3858"", ""name"": ""Iowa"", ""country"": ""US""}, {""key"": ""3859"", ""name"": ""Kansas"", ""country"": ""US""}, {""key"": ""3860"", ""name"": ""Kentucky"", ""country"": ""US""}, {""key"": ""3861"", ""name"": ""Louisiana"", ""country"": ""US""}, {""key"": ""3862"", ""name"": ""Maine"", ""country"": ""US""}, {""key"": ""3863"", ""name"": ""Maryland"", ""country"": ""US""}, {""key"": ""3864"", ""name"": ""Massachusetts"", ""country"": ""US""}, {""key"": ""3866"", ""name"": ""Minnesota"", ""country"": ""US""}, {""key"": ""3867"", ""name"": ""Mississippi"", ""country"": ""US""}, {""key"": ""3868"", ""name"": ""Missouri"", ""country"": ""US""}, {""key"": ""3869"", ""name"": ""Montana"", ""country"": ""US""}, {""key"": ""3870"", ""name"": ""Nebraska"", ""country"": ""US""}, {""key"": ""3871"", ""name"": ""Nevada"", ""country"": ""US""}, {""key"": ""3872"", ""name"": ""New Hampshire"", ""country"": ""US""}, {""key"": ""3873"", ""name"": ""New Jersey"", ""country"": ""US""}, {""key"": ""3874"", ""name"": ""New Mexico"", ""country"": ""US""}, {""key"": ""3876"", ""name"": ""North Carolina"", ""country"": ""US""}, {""key"": ""3877"", ""name"": ""North Dakota"", ""country"": ""US""}, {""key"": ""3878"", ""name"": ""Ohio"", ""country"": ""US""}, {""key"": ""3879"", ""name"": ""Oklahoma"", ""country"": ""US""}, {""key"": ""3880"", ""name"": ""Oregon"", ""country"": ""US""}, {""key"": ""3881"", ""name"": ""Pennsylvania"", ""country"": ""US""}, {""key"": ""3882"", ""name"": ""Rhode Island"", ""country"": ""US""}, {""key"": ""3883"", ""name"": ""South Carolina"", ""country"": ""US""}, {""key"": ""3884"", ""name"": ""South Dakota"", ""country"": ""US""}, {""key"": ""3885"", ""name"": ""Tennessee"", ""country"": ""US""}, {""key"": ""3886"", ""name"": ""Texas"", ""country"": ""US""}, {""key"": ""3887"", ""name"": ""Utah"", ""country"": ""US""}, {""key"": ""3888"", ""name"": ""Vermont"", ""country"": ""US""}, {""key"": ""3889"", ""name"": ""Virginia"", ""country"": ""US""}, {""key"": ""3891"", ""name"": ""West Virginia"", ""country"": ""US""}, {""key"": ""3892"", ""name"": ""Wisconsin"", ""country"": ""US""}, {""key"": ""3893"", ""name"": ""Wyoming"", ""country"": ""US""}], ""location_types"": [""frequently_in"", ""home""]}, ""targeting_automation"": {""advantage_audience"": 1}, ""publisher_platforms"": [""facebook"", ""instagram""], ""facebook_positions"": [""feed""], ""instagram_positions"": [""stream""]}",OFFSITE_CONVERSIONS,"{""pixel_id"": ""831179966599677"", ""custom_event_type"": ""LEAD"", ""smart_pse_enabled"": false}","{""attribution_windows"": [""1d_click""]}",2026-09-12T22:22:09-0400,2026-09-12T22:22:10-0400,"[{""event_type"": ""CLICK_THROUGH"", ""window_days"": 1}]",0,0,0,,,,0,0,0,0,,,,"O: observed session IDs, not verified people; C: reconciled completed intakes, including returns; V: form versions changed Sep18"
AD SET,120251080563150660,CT Themes 20260913 | remodel__crew,120251080550020660,PAUSED,PAUSED,"{""age_max"": 65, ""age_min"": 18, ""geo_locations"": {""regions"": [{""key"": ""3843"", ""name"": ""Alabama"", ""country"": ""US""}, {""key"": ""3844"", ""name"": ""Alaska"", ""country"": ""US""}, {""key"": ""3845"", ""name"": ""Arizona"", ""country"": ""US""}, {""key"": ""3846"", ""name"": ""Arkansas"", ""country"": ""US""}, {""key"": ""3848"", ""name"": ""Colorado"", ""country"": ""US""}, {""key"": ""3849"", ""name"": ""Connecticut"", ""country"": ""US""}, {""key"": ""3850"", ""name"": ""Delaware"", ""country"": ""US""}, {""key"": ""3853"", ""name"": ""Georgia"", ""country"": ""US""}, {""key"": ""3854"", ""name"": ""Hawaii"", ""country"": ""US""}, {""key"": ""3855"", ""name"": ""Idaho"", ""country"": ""US""}, {""key"": ""3856"", ""name"": ""Illinois"", ""country"": ""US""}, {""key"": ""3857"", ""name"": ""Indiana"", ""country"": ""US""}, {""key"": ""3858"", ""name"": ""Iowa"", ""country"": ""US""}, {""key"": ""3859"", ""name"": ""Kansas"", ""country"": ""US""}, {""key"": ""3860"", ""name"": ""Kentucky"", ""country"": ""US""}, {""key"": ""3861"", ""name"": ""Louisiana"", ""country"": ""US""}, {""key"": ""3862"", ""name"": ""Maine"", ""country"": ""US""}, {""key"": ""3863"", ""name"": ""Maryland"", ""country"": ""US""}, {""key"": ""3864"", ""name"": ""Massachusetts"", ""country"": ""US""}, {""key"": ""3866"", ""name"": ""Minnesota"", ""country"": ""US""}, {""key"": ""3867"", ""name"": ""Mississippi"", ""country"": ""US""}, {""key"": ""3868"", ""name"": ""Missouri"", ""country"": ""US""}, {""key"": ""3869"", ""name"": ""Montana"", ""country"": ""US""}, {""key"": ""3870"", ""name"": ""Nebraska"", ""country"": ""US""}, {""key"": ""3871"", ""name"": ""Nevada"", ""country"": ""US""}, {""key"": ""3872"", ""name"": ""New Hampshire"", ""country"": ""US""}, {""key"": ""3873"", ""name"": ""New Jersey"", ""country"": ""US""}, {""key"": ""3874"", ""name"": ""New Mexico"", ""country"": ""US""}, {""key"": ""3876"", ""name"": ""North Carolina"", ""country"": ""US""}, {""key"": ""3877"", ""name"": ""North Dakota"", ""country"": ""US""}, {""key"": ""3878"", ""name"": ""Ohio"", ""country"": ""US""}, {""key"": ""3879"", ""name"": ""Oklahoma"", ""country"": ""US""}, {""key"": ""3880"", ""name"": ""Oregon"", ""country"": ""US""}, {""key"": ""3881"", ""name"": ""Pennsylvania"", ""country"": ""US""}, {""key"": ""3882"", ""name"": ""Rhode Island"", ""country"": ""US""}, {""key"": ""3883"", ""name"": ""South Carolina"", ""country"": ""US""}, {""key"": ""3884"", ""name"": ""South Dakota"", ""country"": ""US""}, {""key"": ""3885"", ""name"": ""Tennessee"", ""country"": ""US""}, {""key"": ""3886"", ""name"": ""Texas"", ""country"": ""US""}, {""key"": ""3887"", ""name"": ""Utah"", ""country"": ""US""}, {""key"": ""3888"", ""name"": ""Vermont"", ""country"": ""US""}, {""key"": ""3889"", ""name"": ""Virginia"", ""country"": ""US""}, {""key"": ""3891"", ""name"": ""West Virginia"", ""country"": ""US""}, {""key"": ""3892"", ""name"": ""Wisconsin"", ""country"": ""US""}, {""key"": ""3893"", ""name"": ""Wyoming"", ""country"": ""US""}], ""location_types"": [""frequently_in"", ""home""]}, ""targeting_automation"": {""advantage_audience"": 1}, ""publisher_platforms"": [""facebook"", ""instagram""], ""facebook_positions"": [""feed""], ""instagram_positions"": [""stream""]}",OFFSITE_CONVERSIONS,"{""pixel_id"": ""831179966599677"", ""custom_event_type"": ""LEAD"", ""smart_pse_enabled"": false}",,2026-09-12T22:09:45-0400,2026-09-12T22:09:45-0400,"[{""event_type"": ""CLICK_THROUGH"", ""window_days"": 1}]",0,0,0,,,,0,0,0,0,,,,"O: observed session IDs, not verified people; C: reconciled completed intakes, including returns; V: form versions changed Sep18"
AD SET,120251080562300660,CT Themes 20260913 | remodel__renewal,120251080550020660,PAUSED,PAUSED,"{""age_max"": 65, ""age_min"": 18, ""geo_locations"": {""regions"": [{""key"": ""3843"", ""name"": ""Alabama"", ""country"": ""US""}, {""key"": ""3844"", ""name"": ""Alaska"", ""country"": ""US""}, {""key"": ""3845"", ""name"": ""Arizona"", ""country"": ""US""}, {""key"": ""3846"", ""name"": ""Arkansas"", ""country"": ""US""}, {""key"": ""3848"", ""name"": ""Colorado"", ""country"": ""US""}, {""key"": ""3849"", ""name"": ""Connecticut"", ""country"": ""US""}, {""key"": ""3850"", ""name"": ""Delaware"", ""country"": ""US""}, {""key"": ""3853"", ""name"": ""Georgia"", ""country"": ""US""}, {""key"": ""3854"", ""name"": ""Hawaii"", ""country"": ""US""}, {""key"": ""3855"", ""name"": ""Idaho"", ""country"": ""US""}, {""key"": ""3856"", ""name"": ""Illinois"", ""country"": ""US""}, {""key"": ""3857"", ""name"": ""Indiana"", ""country"": ""US""}, {""key"": ""3858"", ""name"": ""Iowa"", ""country"": ""US""}, {""key"": ""3859"", ""name"": ""Kansas"", ""country"": ""US""}, {""key"": ""3860"", ""name"": ""Kentucky"", ""country"": ""US""}, {""key"": ""3861"", ""name"": ""Louisiana"", ""country"": ""US""}, {""key"": ""3862"", ""name"": ""Maine"", ""country"": ""US""}, {""key"": ""3863"", ""name"": ""Maryland"", ""country"": ""US""}, {""key"": ""3864"", ""name"": ""Massachusetts"", ""country"": ""US""}, {""key"": ""3866"", ""name"": ""Minnesota"", ""country"": ""US""}, {""key"": ""3867"", ""name"": ""Mississippi"", ""country"": ""US""}, {""key"": ""3868"", ""name"": ""Missouri"", ""country"": ""US""}, {""key"": ""3869"", ""name"": ""Montana"", ""country"": ""US""}, {""key"": ""3870"", ""name"": ""Nebraska"", ""country"": ""US""}, {""key"": ""3871"", ""name"": ""Nevada"", ""country"": ""US""}, {""key"": ""3872"", ""name"": ""New Hampshire"", ""country"": ""US""}, {""key"": ""3873"", ""name"": ""New Jersey"", ""country"": ""US""}, {""key"": ""3874"", ""name"": ""New Mexico"", ""country"": ""US""}, {""key"": ""3876"", ""name"": ""North Carolina"", ""country"": ""US""}, {""key"": ""3877"", ""name"": ""North Dakota"", ""country"": ""US""}, {""key"": ""3878"", ""name"": ""Ohio"", ""country"": ""US""}, {""key"": ""3879"", ""name"": ""Oklahoma"", ""country"": ""US""}, {""key"": ""3880"", ""name"": ""Oregon"", ""country"": ""US""}, {""key"": ""3881"", ""name"": ""Pennsylvania"", ""country"": ""US""}, {""key"": ""3882"", ""name"": ""Rhode Island"", ""country"": ""US""}, {""key"": ""3883"", ""name"": ""South Carolina"", ""country"": ""US""}, {""key"": ""3884"", ""name"": ""South Dakota"", ""country"": ""US""}, {""key"": ""3885"", ""name"": ""Tennessee"", ""country"": ""US""}, {""key"": ""3886"", ""name"": ""Texas"", ""country"": ""US""}, {""key"": ""3887"", ""name"": ""Utah"", ""country"": ""US""}, {""key"": ""3888"", ""name"": ""Vermont"", ""country"": ""US""}, {""key"": ""3889"", ""name"": ""Virginia"", ""country"": ""US""}, {""key"": ""3891"", ""name"": ""West Virginia"", ""country"": ""US""}, {""key"": ""3892"", ""name"": ""Wisconsin"", ""country"": ""US""}, {""key"": ""3893"", ""name"": ""Wyoming"", ""country"": ""US""}], ""location_types"": [""frequently_in"", ""home""]}, ""targeting_automation"": {""advantage_audience"": 1}, ""publisher_platforms"": [""facebook"", ""instagram""], ""facebook_positions"": [""feed""], ""instagram_positions"": [""stream""]}",OFFSITE_CONVERSIONS,"{""pixel_id"": ""831179966599677"", ""custom_event_type"": ""LEAD"", ""smart_pse_enabled"": false}",,2026-09-12T22:09:43-0400,2026-09-12T22:09:43-0400,"[{""event_type"": ""CLICK_THROUGH"", ""window_days"": 1}]",0,0,0,,,,0,0,0,0,,,,"O: observed session IDs, not verified people; C: reconciled completed intakes, including returns; V: form versions changed Sep18"
AD SET,120251080558730660,CT Themes 20260913 | remodel__price,120251080550020660,ACTIVE,ACTIVE,"{""age_max"": 65, ""age_min"": 18, ""geo_locations"": {""regions"": [{""key"": ""3843"", ""name"": ""Alabama"", ""country"": ""US""}, {""key"": ""3844"", ""name"": ""Alaska"", ""country"": ""US""}, {""key"": ""3845"", ""name"": ""Arizona"", ""country"": ""US""}, {""key"": ""3846"", ""name"": ""Arkansas"", ""country"": ""US""}, {""key"": ""3848"", ""name"": ""Colorado"", ""country"": ""US""}, {""key"": ""3849"", ""name"": ""Connecticut"", ""country"": ""US""}, {""key"": ""3850"", ""name"": ""Delaware"", ""country"": ""US""}, {""key"": ""3853"", ""name"": ""Georgia"", ""country"": ""US""}, {""key"": ""3854"", ""name"": ""Hawaii"", ""country"": ""US""}, {""key"": ""3855"", ""name"": ""Idaho"", ""country"": ""US""}, {""key"": ""3856"", ""name"": ""Illinois"", ""country"": ""US""}, {""key"": ""3857"", ""name"": ""Indiana"", ""country"": ""US""}, {""key"": ""3858"", ""name"": ""Iowa"", ""country"": ""US""}, {""key"": ""3859"", ""name"": ""Kansas"", ""country"": ""US""}, {""key"": ""3860"", ""name"": ""Kentucky"", ""country"": ""US""}, {""key"": ""3861"", ""name"": ""Louisiana"", ""country"": ""US""}, {""key"": ""3862"", ""name"": ""Maine"", ""country"": ""US""}, {""key"": ""3863"", ""name"": ""Maryland"", ""country"": ""US""}, {""key"": ""3864"", ""name"": ""Massachusetts"", ""country"": ""US""}, {""key"": ""3866"", ""name"": ""Minnesota"", ""country"": ""US""}, {""key"": ""3867"", ""name"": ""Mississippi"", ""country"": ""US""}, {""key"": ""3868"", ""name"": ""Missouri"", ""country"": ""US""}, {""key"": ""3869"", ""name"": ""Montana"", ""country"": ""US""}, {""key"": ""3870"", ""name"": ""Nebraska"", ""country"": ""US""}, {""key"": ""3871"", ""name"": ""Nevada"", ""country"": ""US""}, {""key"": ""3872"", ""name"": ""New Hampshire"", ""country"": ""US""}, {""key"": ""3873"", ""name"": ""New Jersey"", ""country"": ""US""}, {""key"": ""3874"", ""name"": ""New Mexico"", ""country"": ""US""}, {""key"": ""3876"", ""name"": ""North Carolina"", ""country"": ""US""}, {""key"": ""3877"", ""name"": ""North Dakota"", ""country"": ""US""}, {""key"": ""3878"", ""name"": ""Ohio"", ""country"": ""US""}, {""key"": ""3879"", ""name"": ""Oklahoma"", ""country"": ""US""}, {""key"": ""3880"", ""name"": ""Oregon"", ""country"": ""US""}, {""key"": ""3881"", ""name"": ""Pennsylvania"", ""country"": ""US""}, {""key"": ""3882"", ""name"": ""Rhode Island"", ""country"": ""US""}, {""key"": ""3883"", ""name"": ""South Carolina"", ""country"": ""US""}, {""key"": ""3884"", ""name"": ""South Dakota"", ""country"": ""US""}, {""key"": ""3885"", ""name"": ""Tennessee"", ""country"": ""US""}, {""key"": ""3886"", ""name"": ""Texas"", ""country"": ""US""}, {""key"": ""3887"", ""name"": ""Utah"", ""country"": ""US""}, {""key"": ""3888"", ""name"": ""Vermont"", ""country"": ""US""}, {""key"": ""3889"", ""name"": ""Virginia"", ""country"": ""US""}, {""key"": ""3891"", ""name"": ""West Virginia"", ""country"": ""US""}, {""key"": ""3892"", ""name"": ""Wisconsin"", ""country"": ""US""}, {""key"": ""3893"", ""name"": ""Wyoming"", ""country"": ""US""}], ""location_types"": [""frequently_in"", ""home""]}, ""targeting_automation"": {""advantage_audience"": 1}, ""publisher_platforms"": [""facebook"", ""instagram""], ""facebook_positions"": [""feed""], ""instagram_positions"": [""stream""]}",OFFSITE_CONVERSIONS,"{""pixel_id"": ""831179966599677"", ""custom_event_type"": ""LEAD"", ""smart_pse_enabled"": false}","{""attribution_windows"": [""1d_click""], ""conversions"": 1, ""last_sig_edit_ts"": 1789274661, ""status"": ""LEARNING""}",2026-09-12T22:09:35-0400,2026-09-12T22:09:35-0400,"[{""event_type"": ""CLICK_THROUGH"", ""window_days"": 1}]",46.16,1071,5,43.1,0.467,9.23,1,1,1,5,46.16,46.16,46.16,"O: observed session IDs, not verified people; C: reconciled completed intakes, including returns; V: form versions changed Sep18"
AD SET,120251080558200660,CT Themes 20260913 | remodel__work,120251080550020660,ACTIVE,ACTIVE,"{""age_max"": 65, ""age_min"": 18, ""geo_locations"": {""regions"": [{""key"": ""3843"", ""name"": ""Alabama"", ""country"": ""US""}, {""key"": ""3844"", ""name"": ""Alaska"", ""country"": ""US""}, {""key"": ""3845"", ""name"": ""Arizona"", ""country"": ""US""}, {""key"": ""3846"", ""name"": ""Arkansas"", ""country"": ""US""}, {""key"": ""3848"", ""name"": ""Colorado"", ""country"": ""US""}, {""key"": ""3849"", ""name"": ""Connecticut"", ""country"": ""US""}, {""key"": ""3850"", ""name"": ""Delaware"", ""country"": ""US""}, {""key"": ""3853"", ""name"": ""Georgia"", ""country"": ""US""}, {""key"": ""3854"", ""name"": ""Hawaii"", ""country"": ""US""}, {""key"": ""3855"", ""name"": ""Idaho"", ""country"": ""US""}, {""key"": ""3856"", ""name"": ""Illinois"", ""country"": ""US""}, {""key"": ""3857"", ""name"": ""Indiana"", ""country"": ""US""}, {""key"": ""3858"", ""name"": ""Iowa"", ""country"": ""US""}, {""key"": ""3859"", ""name"": ""Kansas"", ""country"": ""US""}, {""key"": ""3860"", ""name"": ""Kentucky"", ""country"": ""US""}, {""key"": ""3861"", ""name"": ""Louisiana"", ""country"": ""US""}, {""key"": ""3862"", ""name"": ""Maine"", ""country"": ""US""}, {""key"": ""3863"", ""name"": ""Maryland"", ""country"": ""US""}, {""key"": ""3864"", ""name"": ""Massachusetts"", ""country"": ""US""}, {""key"": ""3866"", ""name"": ""Minnesota"", ""country"": ""US""}, {""key"": ""3867"", ""name"": ""Mississippi"", ""country"": ""US""}, {""key"": ""3868"", ""name"": ""Missouri"", ""country"": ""US""}, {""key"": ""3869"", ""name"": ""Montana"", ""country"": ""US""}, {""key"": ""3870"", ""name"": ""Nebraska"", ""country"": ""US""}, {""key"": ""3871"", ""name"": ""Nevada"", ""country"": ""US""}, {""key"": ""3872"", ""name"": ""New Hampshire"", ""country"": ""US""}, {""key"": ""3873"", ""name"": ""New Jersey"", ""country"": ""US""}, {""key"": ""3874"", ""name"": ""New Mexico"", ""country"": ""US""}, {""key"": ""3876"", ""name"": ""North Carolina"", ""country"": ""US""}, {""key"": ""3877"", ""name"": ""North Dakota"", ""country"": ""US""}, {""key"": ""3878"", ""name"": ""Ohio"", ""country"": ""US""}, {""key"": ""3879"", ""name"": ""Oklahoma"", ""country"": ""US""}, {""key"": ""3880"", ""name"": ""Oregon"", ""country"": ""US""}, {""key"": ""3881"", ""name"": ""Pennsylvania"", ""country"": ""US""}, {""key"": ""3882"", ""name"": ""Rhode Island"", ""country"": ""US""}, {""key"": ""3883"", ""name"": ""South Carolina"", ""country"": ""US""}, {""key"": ""3884"", ""name"": ""South Dakota"", ""country"": ""US""}, {""key"": ""3885"", ""name"": ""Tennessee"", ""country"": ""US""}, {""key"": ""3886"", ""name"": ""Texas"", ""country"": ""US""}, {""key"": ""3887"", ""name"": ""Utah"", ""country"": ""US""}, {""key"": ""3888"", ""name"": ""Vermont"", ""country"": ""US""}, {""key"": ""3889"", ""name"": ""Virginia"", ""country"": ""US""}, {""key"": ""3891"", ""name"": ""West Virginia"", ""country"": ""US""}, {""key"": ""3892"", ""name"": ""Wisconsin"", ""country"": ""US""}, {""key"": ""3893"", ""name"": ""Wyoming"", ""country"": ""US""}], ""location_types"": [""frequently_in"", ""home""]}, ""targeting_automation"": {""advantage_audience"": 1}, ""publisher_platforms"": [""facebook"", ""instagram""], ""facebook_positions"": [""feed""], ""instagram_positions"": [""stream""]}",OFFSITE_CONVERSIONS,"{""pixel_id"": ""831179966599677"", ""custom_event_type"": ""LEAD"", ""smart_pse_enabled"": false}","{""attribution_windows"": [""1d_click""], ""conversions"": 27, ""last_sig_edit_ts"": 1789274665, ""status"": ""LEARNING""}",2026-09-12T22:09:33-0400,2026-09-12T22:09:34-0400,"[{""event_type"": ""CLICK_THROUGH"", ""window_days"": 1}]",1725.19,38602,220,44.69,0.57,7.84,21,21,32,221,82.15,82.15,53.91,"O: observed session IDs, not verified people; C: reconciled completed intakes, including returns; V: form versions changed Sep18"
AD SET,120251080551580660,CT Themes 20260913 | remodel__coi,120251080550020660,ACTIVE,ACTIVE,"{""age_max"": 65, ""age_min"": 18, ""geo_locations"": {""regions"": [{""key"": ""3843"", ""name"": ""Alabama"", ""country"": ""US""}, {""key"": ""3844"", ""name"": ""Alaska"", ""country"": ""US""}, {""key"": ""3845"", ""name"": ""Arizona"", ""country"": ""US""}, {""key"": ""3846"", ""name"": ""Arkansas"", ""country"": ""US""}, {""key"": ""3848"", ""name"": ""Colorado"", ""country"": ""US""}, {""key"": ""3849"", ""name"": ""Connecticut"", ""country"": ""US""}, {""key"": ""3850"", ""name"": ""Delaware"", ""country"": ""US""}, {""key"": ""3853"", ""name"": ""Georgia"", ""country"": ""US""}, {""key"": ""3854"", ""name"": ""Hawaii"", ""country"": ""US""}, {""key"": ""3855"", ""name"": ""Idaho"", ""country"": ""US""}, {""key"": ""3856"", ""name"": ""Illinois"", ""country"": ""US""}, {""key"": ""3857"", ""name"": ""Indiana"", ""country"": ""US""}, {""key"": ""3858"", ""name"": ""Iowa"", ""country"": ""US""}, {""key"": ""3859"", ""name"": ""Kansas"", ""country"": ""US""}, {""key"": ""3860"", ""name"": ""Kentucky"", ""country"": ""US""}, {""key"": ""3861"", ""name"": ""Louisiana"", ""country"": ""US""}, {""key"": ""3862"", ""name"": ""Maine"", ""country"": ""US""}, {""key"": ""3863"", ""name"": ""Maryland"", ""country"": ""US""}, {""key"": ""3864"", ""name"": ""Massachusetts"", ""country"": ""US""}, {""key"": ""3866"", ""name"": ""Minnesota"", ""country"": ""US""}, {""key"": ""3867"", ""name"": ""Mississippi"", ""country"": ""US""}, {""key"": ""3868"", ""name"": ""Missouri"", ""country"": ""US""}, {""key"": ""3869"", ""name"": ""Montana"", ""country"": ""US""}, {""key"": ""3870"", ""name"": ""Nebraska"", ""country"": ""US""}, {""key"": ""3871"", ""name"": ""Nevada"", ""country"": ""US""}, {""key"": ""3872"", ""name"": ""New Hampshire"", ""country"": ""US""}, {""key"": ""3873"", ""name"": ""New Jersey"", ""country"": ""US""}, {""key"": ""3874"", ""name"": ""New Mexico"", ""country"": ""US""}, {""key"": ""3876"", ""name"": ""North Carolina"", ""country"": ""US""}, {""key"": ""3877"", ""name"": ""North Dakota"", ""country"": ""US""}, {""key"": ""3878"", ""name"": ""Ohio"", ""country"": ""US""}, {""key"": ""3879"", ""name"": ""Oklahoma"", ""country"": ""US""}, {""key"": ""3880"", ""name"": ""Oregon"", ""country"": ""US""}, {""key"": ""3881"", ""name"": ""Pennsylvania"", ""country"": ""US""}, {""key"": ""3882"", ""name"": ""Rhode Island"", ""country"": ""US""}, {""key"": ""3883"", ""name"": ""South Carolina"", ""country"": ""US""}, {""key"": ""3884"", ""name"": ""South Dakota"", ""country"": ""US""}, {""key"": ""3885"", ""name"": ""Tennessee"", ""country"": ""US""}, {""key"": ""3886"", ""name"": ""Texas"", ""country"": ""US""}, {""key"": ""3887"", ""name"": ""Utah"", ""country"": ""US""}, {""key"": ""3888"", ""name"": ""Vermont"", ""country"": ""US""}, {""key"": ""3889"", ""name"": ""Virginia"", ""country"": ""US""}, {""key"": ""3891"", ""name"": ""West Virginia"", ""country"": ""US""}, {""key"": ""3892"", ""name"": ""Wisconsin"", ""country"": ""US""}, {""key"": ""3893"", ""name"": ""Wyoming"", ""country"": ""US""}], ""location_types"": [""frequently_in"", ""home""]}, ""targeting_automation"": {""advantage_audience"": 1}, ""publisher_platforms"": [""facebook"", ""instagram""], ""facebook_positions"": [""feed""], ""instagram_positions"": [""stream""]}",OFFSITE_CONVERSIONS,"{""pixel_id"": ""831179966599677"", ""custom_event_type"": ""LEAD"", ""smart_pse_enabled"": false}","{""attribution_windows"": [""1d_click""], ""conversions"": 0, ""last_sig_edit_ts"": 1789274663, ""status"": ""LEARNING""}",2026-09-12T22:09:12-0400,2026-09-12T22:09:12-0400,"[{""event_type"": ""CLICK_THROUGH"", ""window_days"": 1}]",6.47,25,1,258.8,4.0,6.47,0,0,0,1,,,,"O: observed session IDs, not verified people; C: reconciled completed intakes, including returns; V: form versions changed Sep18"
