id,name,campaign_id,adset_id,status,effective_status,created_time,updated_time,format,headline,primary_text,description,CTA,destination,url_tags,form_version,experiment_cell,creative_variant,image,creative_id,spend,impressions,link_clicks,CPM,link_CTR_pct,link_CPC,completed_saved,new_acquisitions,observed_starts,observed_sessions,CPL_saved,CPL_new,cost_per_observed_start,campaign_label,operating_window,campaign_spend_share_pct,set_spend_share_pct,completion_evidence,measurement_flags,level,adset_name,campaign_name,days_live_observed_delivery_through_Sep18,first_observed_delivery_day,last_observed_delivery_day,ever_delivered_asof_Sep19,Sep19_partial_spend,Sep19_partial_impressions,image_url,meta_actions_unreconciled,meta_conversions_unreconciled
120251182369630660,CT Native Voice 20260918 | gc-rate_creep,120250602165530660,120250674343900660,ACTIVE,ACTIVE,2026-09-18T17:38:59-0400,2026-09-18T17:45:40-0400,static image,Insurance for general contracting,"if my general contracting insurance renewal comes back higher when i've had no claims, i'm not treating the new price as a done deal.

that's my cue to compare before renewal. not after the payment goes out.",,GET_QUOTE,https://www.cohesiveinsure.com/contractors,utm_source=facebook&utm_medium=paid&utm_campaign={{campaign.name}}&utm_content={{ad.name}}&utm_term={{adset.name}}&ad_id={{ad.id}}&adset_id={{adset.id}},Legacy/site route; see destination,Not specified in ad URL,,images/2a5dba82927c7340.jpg,1510371874146428,9.05,144,0,62.85,0.0,,0,0,,0,,,,Retained HIGH-VALUE,2026-08-13 to 2026-09-18,0.07,0.36,Delivery without confirmed completion,"S: sessions only since Sep12 01:50 ET; F: starts not historically recorded; C: reconciled completed intakes, including returns",AD,"HV Contractors - LARGE BUSINESS (revenue $1M+, LargeBusinessLead) - all trades",Contractors HIGH-VALUE - hybrid Foxquilt/Hedge,1,2026-09-18,2026-09-18,True,12.61,135,https://www.cohesiveinsure.com/marketing-review/20260919/deep-scan/images/2a5dba82927c7340.jpg,[],[]
120251182364940660,CT Native Voice 20260918 | gc-coverage_gap,120250602165530660,120250674343900660,ACTIVE,ACTIVE,2026-09-18T17:38:36-0400,2026-09-18T17:44:29-0400,static image,Insurance for general contracting,"note to self as a gc: a sub's insurance certificate in my inbox isn't proof their cover is still current.

i'm checking the policy dates and confirming it's in force before the crew starts.",,GET_QUOTE,https://www.cohesiveinsure.com/contractors,utm_source=facebook&utm_medium=paid&utm_campaign={{campaign.name}}&utm_content={{ad.name}}&utm_term={{adset.name}}&ad_id={{ad.id}}&adset_id={{adset.id}},Legacy/site route; see destination,Not specified in ad URL,,images/d9db9b2145fa652a.jpg,1389573196664873,2.03,45,0,45.11,0.0,,0,0,,0,,,,Retained HIGH-VALUE,2026-08-13 to 2026-09-18,0.02,0.08,Delivery without confirmed completion,"S: sessions only since Sep12 01:50 ET; F: starts not historically recorded; C: reconciled completed intakes, including returns",AD,"HV Contractors - LARGE BUSINESS (revenue $1M+, LargeBusinessLead) - all trades",Contractors HIGH-VALUE - hybrid Foxquilt/Hedge,1,2026-09-18,2026-09-18,True,8.81,151,https://www.cohesiveinsure.com/marketing-review/20260919/deep-scan/images/d9db9b2145fa652a.jpg,[],[]
120251054842280660,2026-09-10 - remodeling-photo - rate comparison v1,120250602165530660,120251012009850660,ACTIVE,ACTIVE,2026-09-10T21:07:56-0400,2026-09-10T21:16:30-0400,static image,Get a remodeler insurance quote,"Remodelers do more than one trade.

Tell us your mix of carpentry, drywall, flooring and subcontracted work. We will shop general liability around the business you actually run. Get a quote and see how much you could save.",,GET_QUOTE,https://www.cohesiveinsure.com/contractors,utm_source=facebook&utm_medium=paid&utm_campaign={{campaign.name}}&utm_content={{ad.name}}&utm_term={{adset.name}}&ad_id={{ad.id}}&adset_id={{adset.id}},Legacy/site route; see destination,Not specified in ad URL,,images/e88543c561c71870.jpg,1544064973709203,9.95,67,0,148.51,0.0,,0,0,,0,,,,Retained HIGH-VALUE,2026-08-13 to 2026-09-18,0.08,1.08,Delivery without confirmed completion,"S: sessions only since Sep12 01:50 ET; F: starts not historically recorded; C: reconciled completed intakes, including returns",AD,2026-09-09 - REMODELER - submitted LEAD test,Contractors HIGH-VALUE - hybrid Foxquilt/Hedge,7,2026-09-10,2026-09-18,True,0.0,0,https://www.cohesiveinsure.com/marketing-review/20260919/deep-scan/images/e88543c561c71870.jpg,[],[]
120251012015050660,2026-09-09 - remodeler-text - submitted Lead,120250602165530660,120251012009850660,ACTIVE,ACTIVE,2026-09-09T00:36:10-0400,2026-09-09T00:54:31-0400,static image,Get a remodeler insurance quote,"Remodelers do more than one trade.

Tell us your mix of carpentry, drywall, flooring and subcontracted work. We will shop general liability around the business you actually run. Get a quote and see how much you could save.",,GET_QUOTE,https://www.cohesiveinsure.com/contractors,utm_source=facebook&utm_medium=paid&utm_campaign={{campaign.name}}&utm_content={{ad.name}}&utm_term={{adset.name}}&ad_id={{ad.id}}&adset_id={{adset.id}},Legacy/site route; see destination,Not specified in ad URL,,images/102b9ab852e10ed7.jpg,28668901789407940,915.25,15695,84,58.31,0.535,10.9,7,7,,52,130.75,130.75,,Retained HIGH-VALUE,2026-08-13 to 2026-09-18,7.28,98.92,Confirmed completed intake,"S: sessions only since Sep12 01:50 ET; F: starts not historically recorded; C: reconciled completed intakes, including returns",AD,2026-09-09 - REMODELER - submitted LEAD test,Contractors HIGH-VALUE - hybrid Foxquilt/Hedge,10,2026-09-09,2026-09-18,True,53.31,778,https://www.cohesiveinsure.com/marketing-review/20260919/deep-scan/images/102b9ab852e10ed7.jpg,"[{""action_type"": ""link_click"", ""value"": ""84""}, {""action_type"": ""offsite_conversion.fb_pixel_custom"", ""value"": ""2""}, {""action_type"": ""post_reaction"", ""value"": ""8""}, {""action_type"": ""onsite_conversion.messaging_conversation_replied_7d"", ""value"": ""1""}, {""action_type"": ""landing_page_view"", ""value"": ""83""}, {""action_type"": ""onsite_web_lead"", ""value"": ""9""}, {""action_type"": ""omni_landing_page_view"", ""value"": ""83""}, {""action_type"": ""onsite_conversion.total_messaging_connection"", ""value"": ""1""}, {""action_type"": ""post_engagement"", ""value"": ""93""}, {""action_type"": ""post_interaction_gross"", ""value"": ""9""}, {""action_type"": ""page_engagement"", ""value"": ""93""}, {""action_type"": ""post_interaction_net"", ""value"": ""9""}, {""action_type"": ""onsite_conversion.messaging_first_reply"", ""value"": ""1""}, {""action_type"": ""onsite_conversion.post_save"", ""value"": ""1""}, {""action_type"": ""onsite_conversion.post_net_save"", ""value"": ""1""}, {""action_type"": ""onsite_conversion.post_net_like"", ""value"": ""8""}, {""action_type"": ""lead"", ""value"": ""9""}, {""action_type"": ""onsite_conversion.messaging_conversation_started_7d"", ""value"": ""1""}, {""action_type"": ""custom_event_actions_add_20_s_calls"", ""value"": ""2""}, {""action_type"": ""offsite_conversion.fb_pixel_lead"", ""value"": ""9""}, {""action_type"": ""offsite_lead_add_20_s_calls"", ""value"": ""9""}]","[{""action_type"": ""offsite_conversion.fb_pixel_custom.LeadUrgentQuoted"", ""value"": ""2""}]"
120251012014290660,2026-09-09 - roof-text - submitted Lead,120250602165530660,120251012010260660,ACTIVE,ACTIVE,2026-09-09T00:36:00-0400,2026-09-09T00:54:29-0400,static image,Get a roofing insurance quote,"Residential roofs, commercial jobs or both?

Tell us about your roofing work, payroll and subcontractors. We will shop your general liability across carriers. Get a quote and compare it with your current rate.",,GET_QUOTE,https://www.cohesiveinsure.com/contractors,utm_source=facebook&utm_medium=paid&utm_campaign={{campaign.name}}&utm_content={{ad.name}}&utm_term={{adset.name}}&ad_id={{ad.id}}&adset_id={{adset.id}},Legacy/site route; see destination,Not specified in ad URL,,images/7c0bc115fa4ce0bb.jpg,852087097894371,566.29,12953,74,43.72,0.571,7.65,7,7,,32,80.9,80.9,,Retained HIGH-VALUE,2026-08-13 to 2026-09-18,4.51,96.94,Confirmed completed intake,"S: sessions only since Sep12 01:50 ET; F: starts not historically recorded; C: reconciled completed intakes, including returns",AD,2026-09-09 - ROOF - submitted LEAD test,Contractors HIGH-VALUE - hybrid Foxquilt/Hedge,10,2026-09-09,2026-09-18,True,21.59,475,https://www.cohesiveinsure.com/marketing-review/20260919/deep-scan/images/7c0bc115fa4ce0bb.jpg,"[{""action_type"": ""link_click"", ""value"": ""74""}, {""action_type"": ""offsite_conversion.fb_pixel_custom"", ""value"": ""8""}, {""action_type"": ""post_reaction"", ""value"": ""4""}, {""action_type"": ""landing_page_view"", ""value"": ""68""}, {""action_type"": ""onsite_web_lead"", ""value"": ""13""}, {""action_type"": ""omni_landing_page_view"", ""value"": ""68""}, {""action_type"": ""post_engagement"", ""value"": ""80""}, {""action_type"": ""like"", ""value"": ""1""}, {""action_type"": ""post_interaction_gross"", ""value"": ""6""}, {""action_type"": ""comment"", ""value"": ""1""}, {""action_type"": ""page_engagement"", ""value"": ""81""}, {""action_type"": ""post_interaction_net"", ""value"": ""6""}, {""action_type"": ""post"", ""value"": ""1""}, {""action_type"": ""onsite_conversion.post_net_comment"", ""value"": ""1""}, {""action_type"": ""onsite_conversion.post_net_like"", ""value"": ""4""}, {""action_type"": ""lead"", ""value"": ""13""}, {""action_type"": ""custom_event_actions_add_20_s_calls"", ""value"": ""8""}, {""action_type"": ""offsite_conversion.fb_pixel_lead"", ""value"": ""13""}, {""action_type"": ""offsite_lead_add_20_s_calls"", ""value"": ""13""}]","[{""action_type"": ""offsite_conversion.fb_pixel_custom.LeadUrgentQuoted"", ""value"": ""5""}, {""action_type"": ""offsite_conversion.fb_pixel_custom.LargeBusinessLead"", ""value"": ""2""}, {""action_type"": ""offsite_conversion.fb_pixel_custom.QualifiedLead"", ""value"": ""1""}]"
120251012013200660,2026-09-09 - roof-photo - submitted Lead,120250602165530660,120251012010260660,ACTIVE,ACTIVE,2026-09-09T00:35:55-0400,2026-09-09T00:54:26-0400,static image,Get a roofing insurance quote,"Residential roofs, commercial jobs or both?

Tell us about your roofing work, payroll and subcontractors. We will shop your general liability across carriers. Get a quote and compare it with your current rate.",,GET_QUOTE,https://www.cohesiveinsure.com/contractors,utm_source=facebook&utm_medium=paid&utm_campaign={{campaign.name}}&utm_content={{ad.name}}&utm_term={{adset.name}}&ad_id={{ad.id}}&adset_id={{adset.id}},Legacy/site route; see destination,Not specified in ad URL,,images/2e82cfed3329a9c7.jpg,2545972699227932,17.9,228,1,78.51,0.439,17.9,0,0,,0,,,,Retained HIGH-VALUE,2026-08-13 to 2026-09-18,0.14,3.06,Delivery without confirmed completion,"S: sessions only since Sep12 01:50 ET; F: starts not historically recorded; C: reconciled completed intakes, including returns",AD,2026-09-09 - ROOF - submitted LEAD test,Contractors HIGH-VALUE - hybrid Foxquilt/Hedge,4,2026-09-09,2026-09-14,True,0.0,0,https://www.cohesiveinsure.com/marketing-review/20260919/deep-scan/images/2e82cfed3329a9c7.jpg,"[{""action_type"": ""link_click"", ""value"": ""1""}, {""action_type"": ""landing_page_view"", ""value"": ""2""}, {""action_type"": ""omni_landing_page_view"", ""value"": ""2""}, {""action_type"": ""post_engagement"", ""value"": ""1""}, {""action_type"": ""page_engagement"", ""value"": ""1""}]",[]
120250674389360660,LBL - pool_builder_callout,120250602165530660,120250674343900660,ACTIVE,ACTIVE,2026-08-17T11:54:46-0400,2026-08-17T14:51:34-0400,static image,GL for pool builders,"Build in-ground pools? Carriers price pool construction thousands of dollars apart for the same work, and half of them decline it outright. We use AI to automatically shop the markets that actually want pool builders, with installation and construction declared properly so the policy covers what you build. What are you paying now?",,GET_QUOTE,https://www.cohesiveinsure.com/contractors,utm_source=facebook&utm_medium=paid&utm_campaign={{campaign.name}}&utm_content={{ad.name}}&utm_term={{adset.name}}&ad_id={{ad.id}}&adset_id={{adset.id}},Legacy/site route; see destination,Not specified in ad URL,,images/6f81afd8161e413e.jpg,2382367342288587,1908.12,46053,339,41.43,0.736,5.63,20,20,,53,95.41,95.41,,Retained HIGH-VALUE,2026-08-13 to 2026-09-18,15.19,76.81,Confirmed completed intake,"S: sessions only since Sep12 01:50 ET; F: starts not historically recorded; C: reconciled completed intakes, including returns",AD,"HV Contractors - LARGE BUSINESS (revenue $1M+, LargeBusinessLead) - all trades",Contractors HIGH-VALUE - hybrid Foxquilt/Hedge,33,2026-08-17,2026-09-18,True,2.65,44,https://www.cohesiveinsure.com/marketing-review/20260919/deep-scan/images/6f81afd8161e413e.jpg,"[{""action_type"": ""link_click"", ""value"": ""339""}, {""action_type"": ""offsite_conversion.fb_pixel_custom"", ""value"": ""27""}, {""action_type"": ""post_reaction"", ""value"": ""19""}, {""action_type"": ""landing_page_view"", ""value"": ""319""}, {""action_type"": ""onsite_web_lead"", ""value"": ""25""}, {""action_type"": ""omni_landing_page_view"", ""value"": ""319""}, {""action_type"": ""post_engagement"", ""value"": ""370""}, {""action_type"": ""like"", ""value"": ""4""}, {""action_type"": ""post_interaction_gross"", ""value"": ""31""}, {""action_type"": ""comment"", ""value"": ""3""}, {""action_type"": ""page_engagement"", ""value"": ""374""}, {""action_type"": ""post_interaction_net"", ""value"": ""31""}, {""action_type"": ""post"", ""value"": ""5""}, {""action_type"": ""onsite_conversion.post_save"", ""value"": ""4""}, {""action_type"": ""onsite_conversion.post_net_comment"", ""value"": ""3""}, {""action_type"": ""onsite_conversion.post_net_save"", ""value"": ""4""}, {""action_type"": ""onsite_conversion.post_net_like"", ""value"": ""19""}, {""action_type"": ""lead"", ""value"": ""25""}, {""action_type"": ""custom_event_actions_add_20_s_calls"", ""value"": ""27""}, {""action_type"": ""offsite_conversion.fb_pixel_lead"", ""value"": ""25""}, {""action_type"": ""offsite_lead_add_20_s_calls"", ""value"": ""25""}]","[{""action_type"": ""offsite_conversion.fb_pixel_custom.LeadUrgentQuoted"", ""value"": ""14""}, {""action_type"": ""offsite_conversion.fb_pixel_custom.QualifiedLead"", ""value"": ""5""}, {""action_type"": ""offsite_conversion.fb_pixel_custom.LargeBusinessLead"", ""value"": ""8""}]"
